fechaOc,servicio,nombreCliente,titular,noPoliza,assistant,origen,importe,telefono,placa
08/03/2022 01:31:21,URGENCIAS HOSPITAL,GENERAL MOTORS,Carla Eaton,61782204 6471,RIGOBERTO,"444-839 Dui, Av.","$8,180",552-748-6645,I1D 9B6
04/04/2022 11:06:44,CASETAS,SEGUROS ATLAS,Laurel Potter,75314833 6231,SUSANA,Ap #428-7921 Amet Rd.,"$2,095",552-708-4553,Q2T 2H5
07/03/2022 03:38:46,AUXILIO VIAL,SEGUROS ATLAS,Aaron Lott,42348686 5212,CESAR,Ap #835-4821 Luctus St.,"$9,883",552-200-2571,C7P 7Y1
27/01/2020 03:35:41,COMBUSTIBLE,GENERAL MOTORS,Quail Kemp,57705255 7328,SUEMY,819-283 Nunc Rd.,"$6,729",555-600-9075,F0E 7S2
07/01/2022 01:30:32,COMBUSTIBLE,GONER,Jameson Juarez,65148323 4915,TANIA,257-4560 Rutrum Street,$104,556-857-4788,D8B 4C7
15/08/2021 11:14:09,PAGO DIRECTO,GONER,Allegra Miles,64834276 3924,ANDRES,"P.O. Box 764, 1818 Quisque Street","$3,996",552-451-2494,I1F 6H4
06/03/2022 05:02:17,PAGO DIRECTO,SEGUROS ATLAS,Patricia Chang,58347352 9173,RIGOBERTO,438-3785 Litora St.,$60,558-402-3811,S6L 2B5
13/05/2020 05:09:29,CASETAS,MAPFRE SEGUROS,Kelly Gray,01202526 7281,CESAR,8352 Lectus Road,"$4,447",554-970-6135,U6C 3M8
05/03/2022 11:37:17,CASETAS,SEGUROS ATLAS,Basia Hubbard,28657174 5230,EDGAR,781-1422 Nullam Av.,"$5,678",558-823-2760,M8K 0F2
21/02/2020 04:35:59,AUXILIO VIAL,GONER,Scarlet Blackburn,37335114 3321,RIGOBERTO,385-1122 Arcu. St.,"$7,280",551-278-3714,K1O 6K6
23/11/2021 06:19:17,CASETAS,GNP,Kamal Phelps,77348386 3535,TANIA,571-7947 Nascetur Rd.,"$6,107",552-526-3171,V2R 2U3
23/03/2020 07:31:25,COMBUSTIBLE,MAPFRE SEGUROS,Georgia Price,94015280 5264,SUSANA,Ap #180-9393 Sed Av.,"$2,601",554-764-3046,U3R 8R4
29/03/2020 10:52:08,AUXILIO VIAL,GONER,Priscilla Luna,24561136 3789,ANDRES,"P.O. Box 736, 1706 Tristique Rd.","$8,275",557-852-8460,G1B 1X7
05/06/2021 07:27:59,PAGO DIRECTO,MAZDA,Sopoline Medina,49517694 4587,EDGAR,Ap #444-6147 Malesuada Rd.,"$6,535",557-541-1726,V2E 0L6
06/03/2022 10:02:51,PAGO DIRECTO,MAZDA,Burke Sutton,25441532 0853,RIGOBERTO,239-4721 Nulla St.,"$7,637",557-232-5734,M6C 8K9
18/09/2020 04:57:15,CASETAS,GNP,Lavinia Levy,66880823 8773,SUSANA,827-7959 Phasellus Av.,"$7,614",552-220-9404,G5I 4D7
12/04/2020 11:58:54,GRUA,MAZDA,Tallulah Joyner,04015215 1286,RAMIRO,Ap #510-3201 Nulla Ave,"$8,824",558-978-2859,E6L 8X9
29/12/2020 10:22:36,AUXILIO VIAL,GENERAL MOTORS,Salvador Curtis,36123650 2714,SUSANA,Ap #621-7771 Sem Street,"$4,440",556-201-5563,R8B 1V5
04/12/2021 04:00:48,AUXILIO VIAL,MAPFRE SEGUROS,Mannix Oneal,34646727 8217,RIGOBERTO,Ap #803-2331 Vivamus Rd.,"$8,561",555-625-4932,W6A 6O9
04/07/2021 10:36:36,COMBUSTIBLE,GENERAL MOTORS,Giselle Mcneil,30352762 8381,RAMIRO,Ap #203-5358 Iaculis Ave,"$2,453",554-248-6231,W3Q 2R6
15/02/2021 10:55:08,PAGO DIRECTO,MAZDA,Olivia Reese,06373283 1782,TANIA,Ap #966-3536 Dictum St.,"$4,917",553-426-7143,Y8U 5H3
29/02/2020 03:12:07,PAGO DIRECTO,MAPFRE SEGUROS,Macey Chaney,35813117 6222,TANIA,"P.O. Box 530, 8536 Semper St.","$5,727",557-517-1337,O4E 5H7
02/07/2020 02:23:52,URGENCIAS HOSPITAL,SEGUROS ATLAS,Madeson Lindsay,82654553 7237,CESAR,"577 Nec, Rd.","$8,997",553-635-6495,Q7I 8I1
25/06/2021 03:30:56,PAGO DIRECTO,MAZDA,Morgan Mayer,83751210 6118,SUEMY,"P.O. Box 703, 4107 Ac Street","$1,229",555-926-8457,D8S 6O7
19/08/2020 01:00:24,GRUA,MAPFRE SEGUROS,Charles Brooks,88199357 7287,SUEMY,Ap #851-1565 Urna. Street,"$1,993",554-470-8564,P2Y 5R6
19/01/2020 06:27:40,GRUA,GENERAL MOTORS,Noelani Lamb,47931115 1051,EDGAR,"Ap #939-5778 Luctus, Street",$71,554-795-5795,K4U 6N2
31/05/2021 12:02:48,COMBUSTIBLE,GNP,Brenden Cherry,31426115 7624,RAMIRO,Ap #254-8527 Laoreet St.,"$2,938",557-102-6616,W0Q 7P4
28/04/2022 12:31:25,AUXILIO VIAL,GENERAL MOTORS,Jarrod Garza,21541936 2888,EDGAR,"3000 Lorem, Street","$5,832",551-878-9817,L6V 5C9
13/02/2020 12:52:33,GRUA,GNP,Keane Schneider,13266324 6586,RAMIRO,475-7007 Commodo Rd.,$936,556-173-6657,Y2K 9O3
03/04/2020 11:32:27,CASETAS,MAZDA,Tiger Medina,36424043 2726,TANIA,"P.O. Box 976, 6063 Elit. Avenue","$3,163",555-660-1192,H6O 5Y6
27/05/2020 08:45:15,CASETAS,GONER,Damon Riley,87633828 1633,SUEMY,"P.O. Box 960, 3192 Et, St.","$6,555",552-961-1221,W2R 8K5
26/01/2021 07:10:27,AUXILIO VIAL,GENERAL MOTORS,Jacqueline Long,41382523 8071,SUEMY,Ap #843-9853 Feugiat St.,"$1,692",553-867-5914,P5X 2D8
24/02/2022 06:31:28,GRUA,SEGUROS ATLAS,Diana Chen,18206786 1163,RIGOBERTO,Ap #279-2686 Donec Ave,"$4,293",552-803-1026,V6P 9R3
28/12/2020 03:23:28,CASETAS,GENERAL MOTORS,Astra Joyce,87422572 6675,TANIA,363-4518 Est. Rd.,"$1,993",554-377-6485,O5B 8T8
10/06/2020 05:33:54,CASETAS,GENERAL MOTORS,Meghan Pierce,54333352 7849,RAMIRO,"P.O. Box 173, 7378 Dui. St.","$8,287",557-332-4531,S0I 2Q1
20/02/2022 04:06:46,PAGO DIRECTO,GONER,Miranda Underwood,51421608 6253,RAMIRO,Ap #121-2831 Urna Rd.,"$4,714",554-544-8335,R3Y 4Y2
04/03/2020 06:49:24,PAGO DIRECTO,GENERAL MOTORS,Vera Holman,28674508 5817,CESAR,Ap #278-7592 Mauris Rd.,"$5,074",558-803-4549,I3V 1H7
09/08/2021 12:29:54,COMBUSTIBLE,MAZDA,Mallory Mcgowan,01056257 8352,TANIA,Ap #886-9896 Maecenas St.,"$1,018",557-815-7881,G1H 2O6
21/02/2022 09:26:39,PAGO DIRECTO,GENERAL MOTORS,Laith Buckner,06383687 4964,RIGOBERTO,"P.O. Box 596, 1961 Ante Av.","$6,754",555-915-6352,D2O 5P6
23/05/2020 11:18:44,AUXILIO VIAL,GONER,Quail Mack,39177832 4756,EDGAR,Ap #425-7402 Sagittis St.,"$2,662",555-451-6736,C8U 6I7
25/06/2020 11:02:57,COMBUSTIBLE,MAZDA,Thomas Wiggins,20776042 7243,TANIA,405-3754 Nam Rd.,"$4,731",555-516-5587,N6F 7Z1
20/11/2020 10:28:22,URGENCIAS HOSPITAL,GENERAL MOTORS,Zephania Mcknight,64447772 6345,SUEMY,Ap #377-658 Luctus. Rd.,"$7,722",555-707-4317,L5R 1L8
27/07/2021 08:17:48,AUXILIO VIAL,GNP,Odette Carson,24161767 7476,CESAR,1745 Orci. Ave,"$5,348",552-348-6417,U7J 4I1
19/02/2022 08:54:59,GRUA,GNP,Kelsey Hayes,26543605 8485,SUSANA,"Ap #506-4995 Purus, St.","$7,277",557-423-8659,L4N 8S1
09/07/2020 06:12:41,COMBUSTIBLE,GENERAL MOTORS,Reese Perez,85221873 5773,TANIA,Ap #759-7087 Elit. Rd.,"$7,174",559-688-7114,R5O 6U5
01/01/2020 09:51:08,PAGO DIRECTO,GNP,Heidi Sherman,76124178 2601,RIGOBERTO,104-1502 Eleifend St.,"$7,138",559-608-6129,D7P 1U3
01/04/2022 04:53:50,PAGO DIRECTO,GENERAL MOTORS,Amir Warner,23242422 7294,EDGAR,6274 Sed Rd.,"$7,946",552-296-4325,H4L 8N3
29/03/2022 05:11:46,COMBUSTIBLE,GNP,Driscoll Cooke,74773814 5516,CESAR,803-7999 Duis St.,"$2,682",552-182-1696,B1U 8U6
04/09/2021 02:11:21,CASETAS,SEGUROS ATLAS,Cade Lopez,47657918 1718,RIGOBERTO,"P.O. Box 480, 5993 Diam. Rd.","$4,548",554-223-6757,H5W 1Y9
28/12/2021 09:21:03,PAGO DIRECTO,GONER,Lisandra Pierce,57852713 3472,RAMIRO,"P.O. Box 506, 1612 Egestas Ave","$7,592",552-585-9237,G7Q 9Y0
09/08/2021 11:57:16,GRUA,MAZDA,Akeem Miller,32736751 2182,RAMIRO,Ap #428-1686 Mi Av.,$772,556-358-3246,Q4P 6I3
01/05/2021 02:03:16,COMBUSTIBLE,MAZDA,Aileen Shaw,53335422 1926,SUSANA,8518 Sem Rd.,"$2,657",557-560-2199,L5W 9S0
31/12/2020 02:21:35,AUXILIO VIAL,GNP,Sigourney Macias,96126043 1276,ANDRES,796-9458 Aliquam Street,"$7,454",559-435-7544,K7G 0F3
13/11/2021 06:16:30,PAGO DIRECTO,GNP,Maisie Harrington,11066201 9262,CESAR,Ap #622-2741 In Avenue,"$4,467",555-312-5543,R7Z 0V1
07/11/2020 04:22:12,GRUA,GENERAL MOTORS,Barrett Hudson,15824813 7141,CESAR,605-6745 Eget Avenue,"$9,182",558-379-7552,F1X 7F6
15/05/2020 04:16:58,CASETAS,MAPFRE SEGUROS,Lacota Kramer,33890571 1676,EDGAR,2963 Duis Rd.,"$4,508",552-417-5341,R2X 2L8
18/11/2020 02:14:18,AUXILIO VIAL,MAZDA,Alea Briggs,59991393 1961,MARISOL,595 Et Ave,"$4,885",559-688-8775,C2J 2V4
23/01/2021 11:24:43,URGENCIAS HOSPITAL,MAPFRE SEGUROS,Kelsey Harmon,32140723 8481,MARISOL,Ap #159-2267 Vulputate Avenue,$73,558-415-8712,Q1I 5A6
08/06/2020 03:14:58,AUXILIO VIAL,GNP,Lois Mathews,28125447 2967,SUSANA,Ap #593-2070 Mi St.,"$3,358",556-881-4748,V8C 3I4
01/01/2022 01:57:30,COMBUSTIBLE,SEGUROS ATLAS,Lydia Santos,36526276 3204,TANIA,Ap #776-9422 Nunc Street,"$4,046",551-365-3932,O5D 2Q3
13/02/2020 09:16:02,GRUA,GNP,Daniel Mcclain,35388875 9566,SUSANA,Ap #546-1764 Turpis. St.,"$4,640",556-692-1111,Z5C 3N3
19/10/2020 02:11:30,PAGO DIRECTO,SEGUROS ATLAS,Aretha Grant,42410653 7628,CESAR,Ap #639-305 Lacus. Avenue,"$7,342",559-262-6538,W6G 0W2
17/04/2020 08:10:09,CASETAS,GONER,Shana Mclean,03485271 8835,SUEMY,"P.O. Box 251, 439 Luctus Rd.","$5,702",553-147-7635,E2L 6W4
04/09/2020 06:09:44,URGENCIAS HOSPITAL,SEGUROS ATLAS,Norman Romero,22383846 1553,CESAR,Ap #537-9499 Urna. Road,"$2,950",558-621-3388,C1T 1I2
31/10/2021 06:38:04,CASETAS,GENERAL MOTORS,Jerry Mckee,41466177 0553,EDGAR,Ap #266-2439 Neque. Rd.,"$2,974",558-510-5813,D0H 7B4
27/03/2020 02:58:03,GRUA,GONER,Russell Wolf,16470410 6679,RAMIRO,553-3973 In Ave,"$3,068",552-341-7754,M7J 0D1
02/02/2022 09:08:32,AUXILIO VIAL,MAPFRE SEGUROS,Barclay Greer,09397326 2825,RIGOBERTO,"P.O. Box 140, 8423 Facilisis, Rd.","$3,187",556-640-6137,F4I 8K4
22/04/2020 06:57:34,URGENCIAS HOSPITAL,MAPFRE SEGUROS,Buckminster Flores,37414284 1154,RAMIRO,Ap #408-6964 Nunc St.,"$5,642",558-221-8916,F5H 6W2
04/12/2020 11:06:08,URGENCIAS HOSPITAL,MAPFRE SEGUROS,Olga Davidson,62661764 1487,CESAR,4886 Vitae St.,$212,556-197-4609,I5R 6I8
26/04/2020 01:50:23,COMBUSTIBLE,GENERAL MOTORS,Maxwell Wiggins,81465134 2624,EDGAR,"P.O. Box 792, 2824 Ornare. Avenue","$8,157",554-274-2076,F4M 2Q2
28/10/2021 11:36:40,CASETAS,GONER,Hector Boyer,69471803 7505,SUEMY,609-2370 Mollis St.,"$8,419",554-973-3720,M2C 3Q8
29/12/2021 10:00:04,COMBUSTIBLE,GONER,Xandra Finch,66668250 2918,EDGAR,849-7845 Donec Rd.,"$3,568",551-745-7758,G1E 7U3
30/04/2021 10:56:35,GRUA,GENERAL MOTORS,Orlando Morse,38052383 6619,TANIA,671-1756 Velit Ave,"$6,168",558-353-2691,N9H 1M2
05/04/2022 04:10:12,URGENCIAS HOSPITAL,GENERAL MOTORS,Charlotte Dillard,45702866 1258,TANIA,190-5954 Varius. Rd.,"$7,186",558-634-7627,H4X 2D6
17/03/2021 05:11:05,CASETAS,MAZDA,Lyle Le,06534943 4286,EDGAR,295-9885 Enim Ave,"$7,153",557-724-8185,D4G 5M7
31/01/2022 01:30:20,AUXILIO VIAL,GNP,Kai Bowers,22425614 0758,CESAR,Ap #823-5662 Erat. Rd.,"$2,542",557-962-0286,X1H 2D8
24/12/2021 02:46:10,COMBUSTIBLE,MAPFRE SEGUROS,Ezra Dale,34466438 0291,ANDRES,Ap #743-2680 Iaculis Street,"$4,216",559-786-8688,T0N 4R2
25/10/2020 03:58:00,URGENCIAS HOSPITAL,MAZDA,William Lindsey,05257148 1198,ANDRES,Ap #379-754 Et Rd.,"$4,817",552-713-6029,G2D 8F6
11/06/2020 07:22:00,URGENCIAS HOSPITAL,MAZDA,Kirestin Horton,53892885 1862,TANIA,"Ap #665-6099 Non, Rd.","$2,451",558-348-2913,D4N 3Q4
22/09/2020 01:43:26,CASETAS,GENERAL MOTORS,Iris Zamora,23319876 3681,SUEMY,9688 Velit Av.,"$4,026",551-406-2366,C2G 2N7
17/05/2020 03:37:28,CASETAS,GENERAL MOTORS,Gregory Leach,75642110 1374,RIGOBERTO,"822-3209 Pellentesque, Street","$5,794",558-171-9339,O7O 1Y7
21/01/2020 06:10:52,COMBUSTIBLE,GENERAL MOTORS,Alika Mckenzie,45587627 8473,RIGOBERTO,Ap #446-251 Magna. Rd.,"$7,150",556-443-9644,T4K 4C5
09/03/2020 07:43:04,CASETAS,GENERAL MOTORS,Wallace Solomon,19784043 2371,CESAR,6001 Vel St.,$235,557-285-7826,D3H 3D1
02/01/2020 09:32:42,CASETAS,GNP,Kimberly Valencia,61908683 6398,SUSANA,Ap #729-7103 Consectetuer Rd.,"$1,825",555-736-6578,L6F 5E1
18/03/2020 02:11:54,GRUA,MAZDA,Hilel Silva,66420345 3174,ANDRES,8195 Nulla Rd.,"$8,065",554-584-1625,N7R 8V1
19/06/2020 10:40:21,PAGO DIRECTO,GENERAL MOTORS,Jackson Hendrix,67832874 3753,SUEMY,780-2963 Ante Street,"$5,354",555-321-3425,B0K 3P7
13/01/2020 08:53:26,AUXILIO VIAL,MAZDA,Ora Reese,53632536 5874,ANDRES,Ap #663-7161 Elit. Rd.,"$7,159",555-604-7438,D6X 4C4
18/10/2020 03:05:25,AUXILIO VIAL,MAZDA,Nolan Coffey,11984127 3420,ANDRES,2336 Eget Street,"$4,917",557-867-2332,Q7E 6S1
12/02/2022 05:49:34,AUXILIO VIAL,MAPFRE SEGUROS,Garrison Mcdonald,44212472 3602,CESAR,"P.O. Box 577, 6830 Mi St.","$4,590",557-552-0725,N7P 2E3
01/12/2020 04:28:03,PAGO DIRECTO,GONER,Britanni Walton,49137181 1438,SUSANA,"383-5740 Suscipit, Rd.","$4,839",554-920-2621,Q8S 1S4
04/05/2021 02:49:31,GRUA,SEGUROS ATLAS,Curran Dudley,53176240 7055,SUSANA,Ap #340-2256 Morbi St.,"$1,733",554-823-5043,P3N 4T4
08/06/2021 08:19:11,CASETAS,MAZDA,Vera Wilcox,77808014 8309,MARISOL,579-2542 Sagittis Avenue,"$9,618",556-710-6756,X4C 3C8
15/01/2022 12:50:40,PAGO DIRECTO,GONER,Ivory Cantrell,75713290 3319,ANDRES,209-692 Scelerisque Road,"$6,070",555-345-3971,K5U 9V0
23/03/2021 05:20:05,AUXILIO VIAL,MAPFRE SEGUROS,Gannon Sampson,81746833 2712,SUSANA,Ap #843-7658 Viverra. Street,"$6,776",556-382-0673,W4M 0C3
25/10/2020 10:11:41,COMBUSTIBLE,GENERAL MOTORS,Otto Bush,54162022 5329,ANDRES,590-7944 Vitae St.,"$1,763",554-811-2343,V3L 7H5
23/12/2021 09:01:21,AUXILIO VIAL,SEGUROS ATLAS,Quin Owens,35557602 1918,SUSANA,Ap #522-3649 Proin Rd.,"$7,332",559-271-4113,Y6N 7A1
07/03/2021 04:15:27,PAGO DIRECTO,GNP,Macy Paul,55701900 1841,SUEMY,Ap #902-728 Lacus. Rd.,"$7,902",557-407-1763,M7I 7B7
22/03/2020 01:13:02,GRUA,GONER,Noelle Mathews,25293727 2378,ANDRES,"646-8213 Vel, Rd.",$317,557-916-4088,Y8X 3A5
19/03/2020 12:51:36,AUXILIO VIAL,MAZDA,Quon Workman,66440226 1063,RIGOBERTO,Ap #275-9226 Sem Rd.,"$8,371",554-482-0276,O1S 7B2
17/04/2022 05:53:41,GRUA,GENERAL MOTORS,Kylynn Leonard,69564420 3729,RAMIRO,"Ap #681-4260 Quis, Street","$6,929",558-341-7477,J3L 5W2
08/02/2020 11:55:11,PAGO DIRECTO,MAPFRE SEGUROS,Rebekah Rivers,44792308 3760,MARISOL,"P.O. Box 131, 1785 Ac Rd.","$7,304",558-201-1495,L3N 1K9
04/03/2020 08:13:24,COMBUSTIBLE,MAPFRE SEGUROS,Kirk Wells,25142975 6048,SUSANA,264-1027 In Rd.,"$9,746",557-934-4436,S4V 2L5
01/06/2020 03:50:23,COMBUSTIBLE,GNP,Hannah English,35382872 2597,RIGOBERTO,Ap #138-9778 Scelerisque Rd.,"$4,360",552-553-5123,W8X 8P4
19/06/2021 12:17:15,URGENCIAS HOSPITAL,GNP,Gareth Vaughan,68626236 2114,SUEMY,Ap #917-5897 Nulla Street,"$8,153",554-745-1067,K3W 4F1
09/01/2021 07:02:10,COMBUSTIBLE,GNP,Neve Gray,19359468 8522,EDGAR,"P.O. Box 808, 8971 Nibh. Road","$2,737",557-843-6664,N7P 6J5
31/01/2022 08:35:36,AUXILIO VIAL,GNP,Fitzgerald Simpson,35843286 1263,TANIA,841-1503 Enim Road,"$9,706",553-711-7624,M8O 2N7
16/05/2021 01:34:07,COMBUSTIBLE,MAPFRE SEGUROS,Hakeem Arnold,67263992 2504,TANIA,408-6633 Sed Street,$808,553-116-5320,S8W 9D8
08/09/2020 11:12:29,CASETAS,MAZDA,Neville Reynolds,91602976 2545,CESAR,9581 Dis Ave,"$6,600",556-721-2706,W2Q 2U0
31/01/2020 06:19:55,COMBUSTIBLE,MAPFRE SEGUROS,Jordan Hall,26726433 0255,SUEMY,801-6949 At Road,"$1,896",553-129-3848,X1O 9L9
31/07/2020 11:49:57,PAGO DIRECTO,SEGUROS ATLAS,Belle Whitfield,17223995 1376,SUSANA,981-9754 Ac Av.,"$1,719",551-656-4639,A2C 8A7
17/09/2021 07:21:44,AUXILIO VIAL,GNP,Shannon Lopez,64737582 5344,CESAR,364-638 Tellus St.,"$1,303",557-837-1883,K4G 1R9
09/10/2021 05:23:41,URGENCIAS HOSPITAL,MAZDA,Channing Olson,64247401 3427,TANIA,Ap #864-9736 Mi. Av.,"$6,786",557-544-0348,F4P 7W2
09/02/2022 02:59:41,URGENCIAS HOSPITAL,GENERAL MOTORS,Dai Estes,31766422 3855,ANDRES,Ap #298-2338 Orci. Rd.,"$9,950",557-618-7673,T1J 3L1
12/02/2020 10:22:59,COMBUSTIBLE,MAZDA,Deanna Warren,22638867 6385,CESAR,"8461 Ornare, Rd.","$5,878",551-927-5739,O6T 9U1
26/06/2021 09:11:30,COMBUSTIBLE,SEGUROS ATLAS,Wang Keller,24224172 3466,CESAR,Ap #793-8540 Donec Av.,"$7,388",559-475-8607,K2C 2C6
22/05/2021 05:01:09,CASETAS,GNP,Hasad Fleming,08365315 5296,SUEMY,4391 Risus. Road,"$2,053",557-663-1137,Z8U 8D4
08/04/2022 08:49:36,AUXILIO VIAL,MAZDA,Tashya Bright,65515265 1058,ANDRES,Ap #114-2750 Tempus Rd.,"$2,621",559-546-4179,K5E 8I2
14/09/2020 12:11:01,AUXILIO VIAL,GONER,Valentine Morrow,42562574 4112,SUSANA,"823-4478 Nec, Street","$5,083",556-850-0867,C6G 2P2
11/06/2020 04:46:41,AUXILIO VIAL,GNP,Suki Rose,14323325 8147,EDGAR,832-5812 Parturient St.,"$3,758",555-828-4299,M3G 7K1
31/05/2020 11:33:48,AUXILIO VIAL,GNP,Bernard Chang,28945681 7514,CESAR,"Ap #712-975 Vitae, Rd.","$9,380",557-797-9570,W8S 5N7
26/12/2020 11:55:18,COMBUSTIBLE,SEGUROS ATLAS,Hayley Gross,40478974 3726,ANDRES,664 Risus Avenue,"$5,122",554-783-1057,D3I 1J6
16/01/2021 08:33:31,AUXILIO VIAL,SEGUROS ATLAS,Basia Vargas,76771466 8215,RAMIRO,Ap #725-1321 Libero. Av.,"$7,641",552-795-5443,N1P 1O7
02/03/2021 12:25:45,AUXILIO VIAL,GNP,Stephen Noel,17556500 8233,EDGAR,Ap #770-9013 Arcu. Street,"$9,992",555-694-5462,K8F 4U4
08/09/2021 09:59:01,AUXILIO VIAL,GENERAL MOTORS,Montana Brooks,87568730 6765,TANIA,6055 Morbi Rd.,"$9,037",555-333-9410,N1W 7V4
15/04/2022 01:47:08,URGENCIAS HOSPITAL,SEGUROS ATLAS,Zia Benjamin,23496074 2732,ANDRES,Ap #688-9061 In Street,"$9,895",558-204-3580,E6L 2A0
03/01/2020 03:50:57,PAGO DIRECTO,MAPFRE SEGUROS,Sonya Price,47844131 6753,SUEMY,Ap #359-3458 Est Av.,"$1,236",554-760-5132,Y8U 4W6
06/09/2020 07:34:27,URGENCIAS HOSPITAL,SEGUROS ATLAS,Rudyard Petty,66506447 0176,CESAR,182-2629 Quisque Ave,"$8,119",555-735-6722,I3X 8K6
06/09/2020 02:01:38,PAGO DIRECTO,MAPFRE SEGUROS,Carlos Carter,23408975 6847,ANDRES,866-9232 At St.,"$7,042",551-782-3932,L4J 4U5
24/03/2021 08:21:38,GRUA,GENERAL MOTORS,Aimee Dickerson,81665671 7835,MARISOL,Ap #277-9915 Blandit. Rd.,"$7,077",556-391-8215,C2I 3M5
19/02/2020 10:25:47,COMBUSTIBLE,GENERAL MOTORS,Miriam Richard,84304076 9319,RIGOBERTO,432-2430 Facilisi. St.,"$8,510",552-809-7024,D7O 5R9
01/05/2022 01:51:29,CASETAS,MAZDA,Miriam Glenn,47355437 6311,CESAR,"Ap #505-8764 In, Rd.","$1,985",559-279-5262,K9L 5K1
30/12/2021 04:42:13,COMBUSTIBLE,SEGUROS ATLAS,Jakeem Bolton,48314227 5176,ANDRES,524-2304 Nec St.,"$6,339",557-608-8378,J2L 2C6
18/03/2022 05:35:40,URGENCIAS HOSPITAL,GNP,Cruz Harvey,28217352 9587,SUEMY,Ap #890-3211 Etiam St.,"$9,249",554-518-6578,N7Z 7N0
10/03/2022 02:57:37,PAGO DIRECTO,GNP,Nerea Morse,12933642 2267,TANIA,Ap #403-477 Donec Street,"$2,571",553-479-4192,C7L 2E6
12/04/2021 11:13:01,COMBUSTIBLE,GNP,Xyla Dorsey,28537891 3512,ANDRES,834-9086 Vitae St.,"$2,342",554-242-7081,O7S 7G3
06/01/2021 11:19:23,COMBUSTIBLE,GNP,Tamekah Blankenship,84267336 8916,CESAR,Ap #867-5123 Augue Avenue,"$1,489",553-433-1236,E7V 8N5
29/05/2020 10:13:08,GRUA,MAPFRE SEGUROS,Elijah Emerson,85269918 0111,CESAR,366-1557 Suscipit Rd.,"$6,827",556-950-6856,F7C 3W3
15/09/2021 10:47:38,AUXILIO VIAL,MAZDA,Finn Blake,58871203 6674,MARISOL,640 Dolor. Avenue,"$3,301",556-271-3601,M1J 1D3
27/09/2020 02:45:25,URGENCIAS HOSPITAL,MAPFRE SEGUROS,Isabella Mcclure,46142771 2250,RAMIRO,"P.O. Box 344, 6667 Donec Street","$9,378",556-224-7369,M9N 1N3
09/04/2022 06:55:07,CASETAS,MAZDA,Leroy Randall,25480785 0368,RIGOBERTO,213-8301 Morbi St.,"$8,434",551-548-6393,O8W 6D8
01/02/2020 02:32:50,PAGO DIRECTO,GNP,Zachary Mccarthy,59689534 4608,RAMIRO,"Ap #544-2373 Et, Street","$7,870",559-425-3938,K7Y 2H2
15/05/2020 10:10:47,GRUA,GNP,Gavin Hopkins,42024151 9576,MARISOL,783-5610 Non Road,"$4,056",553-556-5981,W7U 2G3
19/11/2020 11:42:28,URGENCIAS HOSPITAL,MAPFRE SEGUROS,Ava Osborn,64116677 2931,EDGAR,"P.O. Box 308, 5593 Duis Rd.","$9,316",557-722-5223,Z8B 7H5
28/04/2021 04:22:28,COMBUSTIBLE,GNP,Finn Horton,05953829 9416,CESAR,Ap #105-6924 Conubia Av.,"$1,573",551-433-7248,K8K 2G7
02/04/2021 12:04:18,CASETAS,SEGUROS ATLAS,Laith Burt,65642138 1796,RAMIRO,Ap #714-9050 Turpis Road,"$8,878",558-717-7261,O3A 4W1
08/05/2022 12:02:00,GRUA,MAPFRE SEGUROS,Philip Ewing,89981193 4844,SUEMY,Ap #107-8898 Morbi Road,"$4,228",557-372-1183,L3P 5T5
24/02/2020 04:41:39,CASETAS,SEGUROS ATLAS,Eaton Houston,28387577 6196,RIGOBERTO,520-8668 Ipsum St.,"$8,817",551-522-6516,G7B 6E9
04/04/2022 03:39:52,CASETAS,MAZDA,Darrel Rowland,01284440 7952,SUEMY,5782 Dui Street,"$4,080",552-454-5437,H5W 9Q2
24/02/2020 10:23:07,AUXILIO VIAL,GNP,Stella Blanchard,03774776 8841,SUSANA,289-2863 Purus. Street,"$1,891",558-787-6855,Q1R 9M2
15/11/2020 03:05:41,GRUA,GONER,Clarke Velasquez,47073518 7886,EDGAR,426-7963 Risus. St.,"$7,067",556-230-7645,I3S 8V5
16/06/2020 07:01:20,URGENCIAS HOSPITAL,SEGUROS ATLAS,Gloria Kirk,14371457 7625,RIGOBERTO,8891 Suspendisse Rd.,"$3,184",558-778-5249,P8H 1G6
23/10/2020 08:36:04,AUXILIO VIAL,MAZDA,Caleb Houston,10781855 1774,MARISOL,"Ap #974-6083 Urna, Ave","$8,436",553-413-1786,V0U 7L4
16/03/2022 07:08:56,URGENCIAS HOSPITAL,MAZDA,Ignatius Mitchell,83231275 8882,TANIA,Ap #977-2045 Curabitur St.,"$8,621",559-305-7658,D7V 5B3
12/05/2021 06:27:57,PAGO DIRECTO,MAPFRE SEGUROS,Faith Dalton,25541198 8895,TANIA,824-405 Lacus. Street,"$6,128",558-152-6217,K6Q 2J4
11/01/2020 08:52:27,PAGO DIRECTO,MAZDA,Ruby Cochran,83565806 0776,RIGOBERTO,"Ap #979-4513 Amet, Ave","$9,434",556-923-3650,D4K 7Y8
25/04/2021 06:03:08,PAGO DIRECTO,GENERAL MOTORS,Athena Middleton,53787751 1847,RIGOBERTO,481-6359 Curabitur Avenue,"$2,764",556-456-6083,R5Q 5O0
18/01/2022 12:37:30,CASETAS,GONER,Christen Morrison,62077278 6123,ANDRES,353-9737 Neque. Rd.,"$3,307",552-378-8106,E2F 5I7
17/02/2022 04:32:09,PAGO DIRECTO,MAZDA,Hector Cunningham,14472942 7846,RAMIRO,"998-6925 Mi, St.","$4,730",557-366-4158,K3P 9O4
17/03/2021 01:08:00,AUXILIO VIAL,MAZDA,Meredith Merrill,74429385 2123,MARISOL,148-9360 Nibh. Av.,"$5,546",554-246-4441,E2J 4O8
17/11/2021 04:33:14,COMBUSTIBLE,MAZDA,Ethan David,77708751 5091,RIGOBERTO,Ap #786-1505 Metus. St.,"$8,256",555-472-0543,Z4Y 9H5
05/04/2021 05:31:21,GRUA,GENERAL MOTORS,Norman Savage,86368501 5471,RAMIRO,Ap #337-9623 Nunc Rd.,"$8,515",552-113-6853,H5Q 2T5
21/07/2020 01:44:45,PAGO DIRECTO,MAPFRE SEGUROS,Hiram Richardson,95843814 2435,ANDRES,"P.O. Box 567, 839 Gravida St.",$601,555-583-3431,C6Y 2N0
27/06/2021 02:07:15,COMBUSTIBLE,MAPFRE SEGUROS,Fiona Estrada,41881842 3367,SUSANA,"P.O. Box 414, 3227 Blandit. Av.","$4,989",557-801-3152,Y3T 8G5
01/01/2022 11:07:41,GRUA,GENERAL MOTORS,Simone Vaughan,15825586 5020,SUSANA,Ap #857-7050 Consectetuer Av.,"$6,392",555-788-8152,B3O 3M1
22/04/2020 10:05:10,PAGO DIRECTO,GONER,Neville Hood,20172929 0824,ANDRES,"P.O. Box 241, 2329 Ornare Av.","$6,547",554-732-1697,B4O 5Y7
07/10/2021 01:44:42,CASETAS,MAPFRE SEGUROS,Wylie Vargas,71937156 0645,RAMIRO,"1150 Vestibulum, Street","$2,155",551-951-8646,O7N 2M8
27/10/2021 10:16:34,CASETAS,SEGUROS ATLAS,Ivor Calhoun,92736259 7797,TANIA,229-3657 Neque. Ave,"$2,233",551-462-1704,G8U 3W8
28/08/2020 12:04:39,URGENCIAS HOSPITAL,GNP,Xanthus Shaffer,86037448 8175,SUEMY,Ap #917-2617 Risus. Rd.,"$7,518",553-128-2211,V4D 3H8
01/03/2022 12:28:02,AUXILIO VIAL,MAZDA,Bell Bowers,79784328 5885,SUEMY,"9313 Ac, Street",$722,556-554-7435,H3C 2C1
15/07/2020 06:16:54,AUXILIO VIAL,GENERAL MOTORS,Hunter Mcdaniel,23327717 4704,EDGAR,Ap #738-2809 At Av.,"$2,874",551-652-6636,V3R 1J6
05/08/2021 01:29:49,URGENCIAS HOSPITAL,MAPFRE SEGUROS,Dalton Reed,13521662 5552,MARISOL,612-3103 Ante Rd.,"$2,678",559-567-3434,P7O 4R2
02/08/2021 03:38:20,CASETAS,MAPFRE SEGUROS,Nadine Miranda,60226612 2143,ANDRES,Ap #348-5773 Donec St.,"$7,864",556-269-5271,I5F 2Q7
14/04/2021 09:03:17,URGENCIAS HOSPITAL,GONER,Farrah Conner,67397459 3396,TANIA,107-3167 Turpis. St.,$580,553-193-9746,Z8V 5E8
30/07/2021 07:20:07,URGENCIAS HOSPITAL,GONER,Zenia Butler,32729994 6564,SUEMY,587-2522 Ante. Ave,"$2,978",555-672-3807,J2S 1B5
01/03/2022 07:57:20,URGENCIAS HOSPITAL,MAZDA,Ingrid Roberson,11715774 7136,EDGAR,Ap #674-6088 Eget Ave,"$1,074",556-936-8342,H5R 4X5
07/08/2021 01:07:49,GRUA,MAPFRE SEGUROS,Evelyn Dean,40004252 3094,MARISOL,"773-2405 A, Street","$9,731",554-542-7353,X9L 3L7
28/05/2020 11:09:53,GRUA,SEGUROS ATLAS,Tanisha Sharp,56866887 3277,SUEMY,8282 Cum St.,"$8,335",555-337-0155,N0X 5C3
30/07/2021 12:58:34,URGENCIAS HOSPITAL,SEGUROS ATLAS,Lance Finley,86692870 3231,TANIA,640-3094 Nunc Av.,"$3,395",553-431-2257,L2Q 8N9
19/05/2021 07:28:00,AUXILIO VIAL,GENERAL MOTORS,Fuller Skinner,14577425 5544,CESAR,"P.O. Box 175, 3563 Fames St.","$3,502",552-396-1532,H8U 6K2
02/08/2020 04:20:07,COMBUSTIBLE,MAZDA,Jacqueline Hickman,81053182 2141,SUEMY,"394-2087 Dui, Rd.","$7,799",552-574-2364,W2X 7H1
28/02/2020 01:30:14,CASETAS,GENERAL MOTORS,Andrew Steele,41584682 9975,RIGOBERTO,"P.O. Box 435, 5347 Natoque Road","$3,440",559-868-0359,N0E 5E5
01/12/2021 04:46:59,AUXILIO VIAL,SEGUROS ATLAS,Keegan Dickson,20179303 7486,ANDRES,197 Praesent Rd.,"$3,180",556-672-6778,B9N 9K2
07/09/2021 01:39:37,URGENCIAS HOSPITAL,GNP,Harper Richards,26387172 0187,RIGOBERTO,"P.O. Box 682, 4690 Tincidunt Ave","$9,194",556-339-6112,Y6T 4O5
14/07/2021 11:58:58,PAGO DIRECTO,GONER,MacKensie Winters,55379068 4555,ANDRES,Ap #712-7443 Lectus St.,"$9,859",558-456-8514,L8J 8K8
28/10/2020 09:14:15,GRUA,GNP,Allen Giles,73652658 6694,CESAR,"8001 Pede, St.","$7,585",558-235-2509,K4K 2Y5
04/03/2020 03:36:11,PAGO DIRECTO,GNP,Kellie Wyatt,11342792 4408,TANIA,Ap #253-7399 Diam St.,"$7,210",552-381-0971,C1G 3K1
11/02/2022 09:54:36,PAGO DIRECTO,GNP,Lilah Powers,35501982 3653,CESAR,Ap #380-8548 Id St.,"$1,414",553-596-8511,B3Z 8X7
24/02/2020 01:58:39,PAGO DIRECTO,MAPFRE SEGUROS,Brandon Crawford,99352288 7711,SUEMY,602-8590 Dolor. St.,$678,556-732-8293,C8Q 6G7
13/09/2020 05:29:25,COMBUSTIBLE,MAZDA,Merrill Horton,83438733 5085,CESAR,Ap #795-8613 Nunc. St.,$957,557-747-1577,X3N 2B8
21/12/2021 11:16:18,GRUA,GENERAL MOTORS,Daria Frye,54250126 4275,MARISOL,554-9892 In Ave,"$9,276",558-756-5417,C0X 8I5
09/02/2021 02:17:32,PAGO DIRECTO,GONER,Dominic Robertson,49182327 0316,SUEMY,Ap #278-4516 Metus St.,"$7,221",555-231-9763,T6E 6C0
28/04/2020 11:45:06,GRUA,GNP,Ulla Davidson,34534015 2686,SUEMY,Ap #689-4582 Curae Street,"$5,089",552-278-4878,O4O 1J7
10/01/2020 01:06:13,URGENCIAS HOSPITAL,MAZDA,Kasimir Chen,59342609 8388,MARISOL,1943 Orci Street,"$8,448",552-750-5626,G8C 5X5
03/02/2020 12:55:54,COMBUSTIBLE,SEGUROS ATLAS,Ezekiel Long,48023781 3821,ANDRES,429-5345 Dictum Ave,"$6,321",552-921-1718,B1J 9H5
23/11/2021 06:58:04,PAGO DIRECTO,GNP,Sharon Sweeney,34788553 8131,RAMIRO,"P.O. Box 910, 2931 Fusce Ave",$498,556-553-3524,L3M 7G7
06/11/2021 03:03:46,URGENCIAS HOSPITAL,GONER,Angelica Harrington,24021892 7776,MARISOL,"182-702 Pede, Av.","$7,694",553-864-2426,S8D 4Y1
22/08/2021 04:41:10,URGENCIAS HOSPITAL,GNP,Shaeleigh Mcclure,87805655 5173,SUEMY,"P.O. Box 752, 7987 Dui Rd.","$8,631",559-371-7711,U9X 1L6
16/04/2020 04:45:13,URGENCIAS HOSPITAL,MAPFRE SEGUROS,Anjolie Brady,45110666 5696,SUEMY,Ap #896-8855 Semper Rd.,"$4,890",558-742-4587,L7F 7H2
09/01/2020 08:11:22,URGENCIAS HOSPITAL,SEGUROS ATLAS,Owen Buck,86652772 2343,ANDRES,4313 Sociis Av.,"$3,262",553-622-6724,L2J 1C4
06/01/2020 12:23:05,AUXILIO VIAL,MAZDA,Isaiah Wise,66661668 8632,SUSANA,218-156 Diam. Av.,"$6,212",558-694-5536,K1O 5F6
15/08/2021 11:27:35,CASETAS,GENERAL MOTORS,Nina Richardson,62487870 7314,CESAR,Ap #477-8124 Sed St.,"$7,054",552-201-5767,K6M 0X8
18/01/2021 10:06:45,PAGO DIRECTO,MAZDA,Todd Huffman,84621751 5734,ANDRES,"P.O. Box 234, 5874 Sit Ave","$5,081",555-455-6289,I1H 2D6
10/03/2021 10:11:58,URGENCIAS HOSPITAL,MAZDA,Tanner Mccoy,67648587 0035,TANIA,"P.O. Box 288, 7764 Egestas Av.","$2,330",553-967-1324,M8X 5O8
02/12/2020 09:18:23,COMBUSTIBLE,SEGUROS ATLAS,Uma Donaldson,19153716 6965,MARISOL,558-2678 Vulputate Av.,"$9,114",558-691-7679,V3M 4P3
01/05/2020 02:55:23,CASETAS,MAPFRE SEGUROS,Judith Mercado,19227333 5303,RAMIRO,"P.O. Box 644, 477 Lobortis. Street","$7,238",557-733-4896,R7N 0G1
05/05/2021 06:54:03,CASETAS,GENERAL MOTORS,Alvin Willis,37874687 2386,MARISOL,Ap #302-1736 Massa. Street,"$4,276",555-514-0057,H5E 8C5
10/12/2021 07:24:49,AUXILIO VIAL,GONER,Emerson Crosby,50805542 9511,MARISOL,Ap #943-988 Tristique Road,"$4,519",558-656-1029,E6V 8R6
27/12/2020 01:39:05,URGENCIAS HOSPITAL,SEGUROS ATLAS,Colin Sosa,61268571 7293,RIGOBERTO,Ap #360-4604 Eros. Road,"$5,123",556-772-4522,V2G 7Y6
31/08/2020 09:26:46,PAGO DIRECTO,SEGUROS ATLAS,Yoko Wilkinson,97848254 7490,RIGOBERTO,3229 Lacus. Ave,"$3,284",551-371-9772,J6Q 3F6
18/09/2021 09:29:40,GRUA,GENERAL MOTORS,Shana Cooper,07228931 3563,RAMIRO,Ap #869-597 Leo. Street,"$1,992",552-428-6138,G5K 2N1
19/05/2021 03:03:05,AUXILIO VIAL,GONER,Clinton Garrett,31586008 3776,SUSANA,"P.O. Box 445, 1605 Ac Street","$3,156",554-845-3418,E5R 2U1
13/01/2020 05:38:02,CASETAS,GONER,Ivory Cruz,95423670 5289,SUSANA,Ap #103-1252 Nunc Street,"$7,768",555-521-8513,L7B 6U0
11/10/2020 03:10:03,PAGO DIRECTO,GONER,Cailin Herrera,57438227 6657,RIGOBERTO,8931 Mollis. Rd.,"$3,274",557-477-4374,S6I 8P6
08/12/2020 11:31:33,AUXILIO VIAL,GNP,Xavier Goff,12162863 6959,SUSANA,9410 Mollis. Av.,"$1,271",559-676-3124,Q6E 2N7
29/03/2020 10:51:07,URGENCIAS HOSPITAL,GENERAL MOTORS,Gary Hopper,32238634 8351,TANIA,8991 Nisi Avenue,"$1,910",556-842-0417,M0H 2H8
11/04/2022 02:17:29,GRUA,SEGUROS ATLAS,Darrel Carpenter,91495269 7671,EDGAR,164-9016 Lectus Rd.,"$3,413",558-709-8728,U5E 0D6
08/04/2022 02:30:24,AUXILIO VIAL,SEGUROS ATLAS,Belle Holder,46550155 2565,ANDRES,175-7639 Lorem Avenue,"$9,181",559-594-8785,E8Y 2L8
26/05/2020 03:28:24,AUXILIO VIAL,GONER,Lester Burks,68242614 4587,SUSANA,Ap #173-9012 Enim Av.,"$8,492",554-832-8668,J6R 2C1
09/10/2020 08:36:48,CASETAS,GONER,Odette Lamb,41558535 2887,CESAR,"P.O. Box 396, 7666 Nec Ave","$6,435",554-826-5312,Y8Z 4M7
18/03/2022 05:02:27,CASETAS,GENERAL MOTORS,Grant Hewitt,41686467 7151,SUEMY,"P.O. Box 907, 7939 Donec Av.","$9,226",558-467-3268,G2B 9D4
09/11/2021 11:36:46,URGENCIAS HOSPITAL,GNP,Benjamin Deleon,14851378 8352,ANDRES,"P.O. Box 807, 7561 Sem Ave","$6,603",553-244-4334,U4K 1P5
12/09/2021 09:27:02,PAGO DIRECTO,MAZDA,Adrienne Willis,21670266 2739,SUEMY,Ap #628-4062 Metus. Av.,$537,556-311-0532,V4S 5F9
06/04/2021 08:11:42,COMBUSTIBLE,MAZDA,Gil Lang,54654828 0435,ANDRES,2894 Eros. St.,"$9,148",557-652-1125,Q4L 9D1
22/01/2020 02:07:29,GRUA,MAZDA,Athena Wolfe,97809676 6386,CESAR,2469 Aliquam Av.,$584,557-612-4158,H5Y 2J2
09/01/2021 03:45:22,PAGO DIRECTO,SEGUROS ATLAS,Oprah Dodson,35236338 7365,TANIA,"Ap #701-385 Vulputate, Ave","$5,307",556-768-4749,J6M 1A9
25/02/2020 01:05:59,AUXILIO VIAL,GENERAL MOTORS,Chester Mcmillan,79902237 6447,CESAR,"P.O. Box 372, 4393 Dui Av.","$8,421",555-892-1075,L6G 8Q5
23/06/2020 05:39:41,AUXILIO VIAL,MAZDA,Yeo Bradley,06869347 8885,SUEMY,"P.O. Box 484, 6524 Fringilla Rd.","$9,615",552-920-3270,S7V 3M4
17/03/2021 05:01:28,PAGO DIRECTO,GONER,Baxter Matthews,38031566 2539,SUEMY,Ap #507-5696 Eu Avenue,"$6,150",556-675-8304,K1P 1G5
07/04/2020 05:14:46,URGENCIAS HOSPITAL,MAPFRE SEGUROS,Vielka Ewing,76880656 3171,ANDRES,Ap #256-4866 Auctor Av.,"$4,189",555-721-5513,T4I 9H2
06/08/2021 03:01:07,GRUA,SEGUROS ATLAS,Rajah Ramsey,18725166 5472,MARISOL,"P.O. Box 190, 119 Orci, Rd.","$4,724",557-851-5212,X9P 1G5
12/08/2020 04:19:10,COMBUSTIBLE,SEGUROS ATLAS,Brennan Buckley,03362877 7414,RIGOBERTO,Ap #781-8134 In St.,"$3,390",553-517-7831,L3U 4J6
01/04/2022 01:16:03,PAGO DIRECTO,GENERAL MOTORS,Quintessa Nicholson,30860054 4781,MARISOL,Ap #264-944 In Ave,"$6,914",557-445-5706,J4G 6B2
16/12/2020 01:03:22,CASETAS,GONER,Eagan Mosley,57056257 5866,TANIA,209-9192 Proin Road,"$3,601",553-215-5384,Q9C 8Q8
04/05/2022 10:47:43,URGENCIAS HOSPITAL,GNP,Kaitlin Forbes,10564606 6115,CESAR,Ap #497-925 Tincidunt Ave,$456,559-495-0636,Z6M 7C4
14/07/2021 06:12:32,GRUA,GONER,Tallulah Hansen,59406518 7527,CESAR,Ap #819-7904 Libero. St.,"$2,688",558-343-6441,R8O 5D1
24/10/2020 10:10:49,PAGO DIRECTO,GONER,Chaney Baker,26196283 8555,TANIA,Ap #790-4823 Posuere Ave,"$4,645",554-471-3377,S2C 6R7
08/10/2021 10:53:04,PAGO DIRECTO,MAPFRE SEGUROS,Rigel Ferrell,98754123 5839,SUEMY,Ap #912-2880 Vel Av.,"$7,599",558-272-6487,Y6O 6G3
10/05/2020 07:14:44,AUXILIO VIAL,MAZDA,Reese Ford,62179987 4645,SUEMY,Ap #126-8627 Accumsan Avenue,"$4,408",557-391-6554,H7W 2E3
12/02/2022 02:07:34,PAGO DIRECTO,SEGUROS ATLAS,Alvin Mccullough,93123915 2134,ANDRES,5368 Neque Rd.,"$7,633",554-808-0374,M8Y 1U3
27/12/2021 08:03:52,COMBUSTIBLE,GNP,Nigel Adkins,17332495 3443,MARISOL,625-8811 Mattis. Avenue,$5,554-990-6478,N5I 5S7
02/05/2021 03:29:29,CASETAS,SEGUROS ATLAS,Ignatius Bush,62875455 3727,ANDRES,Ap #550-9626 Molestie St.,$766,557-521-8391,M5K 2B0
01/04/2021 06:32:27,PAGO DIRECTO,MAPFRE SEGUROS,Wilma Wright,31518878 4553,RAMIRO,605-7703 Faucibus Av.,"$1,294",552-325-2152,J2C 3D4
13/02/2021 02:46:03,COMBUSTIBLE,GNP,Ciaran Maynard,08548605 1242,CESAR,522-8910 Non St.,$260,553-496-5701,X1Q 2L6
10/08/2020 01:21:03,CASETAS,GONER,India Holman,84858611 2878,TANIA,"P.O. Box 971, 5385 Fusce Ave","$4,016",557-491-4424,X7B 7B7
17/02/2022 04:18:54,AUXILIO VIAL,GNP,Bevis Navarro,61374821 7241,SUSANA,Ap #480-4643 Maecenas Ave,"$5,423",558-713-6212,R2Y 7M2
13/12/2020 02:03:38,CASETAS,SEGUROS ATLAS,Kerry Heath,93146995 6116,RAMIRO,Ap #554-4879 Massa. Rd.,"$1,059",554-778-2045,H3E 4Q6
13/03/2020 12:40:38,COMBUSTIBLE,SEGUROS ATLAS,Kelly Hebert,28394652 6539,SUEMY,6422 Sem Ave,"$5,907",553-613-1379,R4I 4D4
04/07/2020 07:53:30,CASETAS,MAPFRE SEGUROS,Wyatt Graham,38614778 8511,TANIA,6771 Feugiat St.,"$9,120",553-278-5351,F2O 4W8
20/10/2021 04:45:19,PAGO DIRECTO,GENERAL MOTORS,Belle Guthrie,24356737 0546,SUEMY,8797 Gravida. Av.,"$5,601",557-724-4451,V0G 6B5
26/07/2021 04:40:23,CASETAS,SEGUROS ATLAS,Miranda Webster,27452990 6885,MARISOL,144-2115 Vel Av.,"$5,701",554-592-3016,Q3J 2B0
07/06/2021 12:48:30,URGENCIAS HOSPITAL,GENERAL MOTORS,Zorita Ayers,37972510 5586,MARISOL,Ap #345-3928 Tincidunt Rd.,"$8,445",558-426-3637,S8N 2P2
10/12/2020 12:22:49,AUXILIO VIAL,GNP,Carlos Schwartz,47881953 1448,RAMIRO,6821 Dolor Rd.,"$7,563",556-670-4264,T7M 5S6
20/06/2020 10:28:46,COMBUSTIBLE,GENERAL MOTORS,Farrah Mills,61947472 5616,MARISOL,555-3495 Lacinia St.,"$9,551",554-358-2767,H1U 5K8
08/09/2020 08:16:39,PAGO DIRECTO,GENERAL MOTORS,Iliana Fuentes,13544978 0143,CESAR,Ap #434-5307 Dapibus Rd.,"$5,055",559-339-7673,I4Q 5U3
07/09/2021 11:18:54,PAGO DIRECTO,GONER,Lev Brewer,20963417 6257,ANDRES,482-6608 Integer Street,"$1,818",558-334-5852,V3B 8X4
08/12/2021 11:32:47,URGENCIAS HOSPITAL,SEGUROS ATLAS,Cullen Harris,84351383 1656,SUSANA,Ap #412-7619 Augue St.,"$2,026",552-692-7473,Y7S 7Q6
28/04/2020 07:50:49,PAGO DIRECTO,GONER,Reagan Cain,06859536 5485,RAMIRO,2430 Donec Street,"$3,925",559-794-2332,S3S 8U3
10/04/2022 07:40:58,URGENCIAS HOSPITAL,GENERAL MOTORS,Dominic Brennan,54741523 8527,MARISOL,684-1747 Aliquam Avenue,"$9,326",558-832-4652,C9A 8J6
30/10/2021 09:26:47,PAGO DIRECTO,GONER,Whoopi Forbes,79227838 6626,SUEMY,Ap #406-3246 Felis Av.,"$9,688",554-682-3448,I2H 2I4
14/06/2020 04:32:20,PAGO DIRECTO,GENERAL MOTORS,Ulla Dotson,51959087 6424,SUEMY,Ap #318-9030 Rhoncus. Av.,"$1,318",551-744-8266,P4P 6R3
28/03/2020 10:43:40,COMBUSTIBLE,GNP,Stella Ryan,56061570 1032,SUEMY,"Ap #817-7725 Eleifend, Street","$3,630",555-873-7616,C1S 0D1
06/01/2022 05:31:12,AUXILIO VIAL,SEGUROS ATLAS,Buckminster Barry,56405457 7422,RAMIRO,"P.O. Box 759, 2334 Mollis. St.","$7,830",552-244-3712,V4C 6R7
27/04/2021 11:50:11,URGENCIAS HOSPITAL,GNP,Camille Santos,47428428 3724,SUSANA,335-2847 Et Road,"$1,480",551-236-8348,F4Y 6M8
05/03/2022 10:58:23,CASETAS,MAPFRE SEGUROS,Ayanna Lynn,55295222 9158,SUEMY,212-9411 Eu St.,"$8,850",556-335-2567,L5S 4V6
15/12/2021 08:15:32,URGENCIAS HOSPITAL,GNP,Tad Rush,82209365 2861,CESAR,903-1156 Semper St.,$729,558-646-0672,I0T 0S1
01/05/2022 12:00:20,AUXILIO VIAL,GENERAL MOTORS,Daryl Pennington,71479290 3821,RIGOBERTO,921-239 Luctus. Avenue,"$6,310",557-731-8513,O2X 9P5
21/05/2020 05:46:32,PAGO DIRECTO,GONER,Rahim Blankenship,54580374 0346,MARISOL,"P.O. Box 923, 8270 Quisque Street","$8,170",556-823-6664,V1A 5S4
10/02/2022 06:10:32,PAGO DIRECTO,MAPFRE SEGUROS,Inez Padilla,74473347 1365,SUSANA,"8485 Ornare, Street","$2,327",558-648-5728,O2T 6Z1
12/11/2021 06:22:52,CASETAS,MAZDA,Winifred Blake,16308064 6378,MARISOL,607-974 Donec St.,"$2,900",551-645-7513,T2O 2M8
06/03/2021 07:28:47,CASETAS,GONER,Wing Combs,58179174 2337,TANIA,Ap #762-7438 Porttitor Rd.,$722,552-653-5032,R1Y 1Z7
18/05/2021 03:39:21,PAGO DIRECTO,MAPFRE SEGUROS,Jacob Cherry,28855318 2950,SUEMY,438-6408 Tincidunt Road,"$4,370",556-935-1751,L0X 6P4
26/07/2021 08:41:47,URGENCIAS HOSPITAL,MAZDA,Haviva Holcomb,75465140 1640,TANIA,Ap #549-3528 Enim. Rd.,"$4,971",555-785-6906,Y7K 7A3
25/12/2021 10:44:12,GRUA,SEGUROS ATLAS,Kristen Gomez,68733054 0539,CESAR,463-8334 Odio. Av.,"$6,259",554-635-5722,R1H 4L6
21/04/2022 08:44:22,PAGO DIRECTO,GENERAL MOTORS,Rudyard Matthews,75416857 2144,SUSANA,Ap #795-2128 Turpis Ave,"$6,120",552-286-6704,Q1N 7A8
14/11/2021 09:54:37,COMBUSTIBLE,MAPFRE SEGUROS,Dara Wolfe,02284124 1685,RAMIRO,Ap #381-2949 Interdum. St.,"$1,942",557-116-5494,I3Y 9K6
17/08/2020 08:44:47,GRUA,SEGUROS ATLAS,Zahir Floyd,73326938 5952,ANDRES,Ap #334-5954 Ut St.,"$5,794",558-544-6684,U2E 9C6
23/11/2020 09:34:03,AUXILIO VIAL,GNP,Knox Coffey,34266889 8342,ANDRES,Ap #874-9878 Dui Rd.,"$5,540",556-777-2581,T1D 9U0
27/12/2021 05:21:30,PAGO DIRECTO,GONER,Edan Morales,13587013 6388,RAMIRO,"8333 Placerat, Ave","$6,230",558-957-8885,C7I 3W4
16/01/2021 12:48:12,COMBUSTIBLE,MAPFRE SEGUROS,Quemby Colon,85373684 7452,SUSANA,Ap #575-1523 Dictum St.,"$5,112",552-797-9152,H5E 5L5
04/10/2020 07:52:39,PAGO DIRECTO,GONER,Christian Gross,85475142 6132,TANIA,204-1283 Libero Road,"$3,027",556-913-5452,K5B 6I6
08/07/2021 06:09:25,AUXILIO VIAL,GNP,Yvette Brewer,74751273 6988,RAMIRO,Ap #489-9930 Risus Rd.,"$6,695",552-441-3570,F3N 8F4
03/11/2020 04:53:01,PAGO DIRECTO,MAPFRE SEGUROS,Brooke Hood,66046036 1328,EDGAR,879-3679 Nulla. Ave,"$7,715",553-474-8423,D1W 3I2
23/05/2021 07:16:10,PAGO DIRECTO,MAZDA,Evangeline Hunter,66915165 1546,RIGOBERTO,"Ap #915-985 Orci, Rd.",$653,557-873-1441,Q3F 7N7
24/04/2020 04:58:30,PAGO DIRECTO,MAZDA,Brennan Noble,65132627 5328,SUEMY,"P.O. Box 242, 2340 Quis, Rd.","$4,397",555-622-3368,H3S 2G1
22/11/2021 06:21:27,CASETAS,GONER,Orlando Kelly,78421169 9323,SUEMY,1868 Suspendisse Rd.,"$8,760",556-639-7018,O7D 2P9
22/01/2021 06:05:21,PAGO DIRECTO,GNP,Katelyn Cannon,77174351 5694,CESAR,6402 Cras Road,"$6,015",559-472-8734,Q5K 1T3
11/02/2021 06:45:27,CASETAS,GNP,Jaquelyn Bender,81026922 8705,CESAR,570-3765 Tincidunt. St.,"$5,119",554-246-6615,X2E 4J4
27/02/2020 03:53:51,AUXILIO VIAL,SEGUROS ATLAS,Zena Tyson,66138880 3836,ANDRES,9743 Nullam Rd.,$830,559-897-5614,K7J 2Y7
11/10/2020 03:36:11,COMBUSTIBLE,MAZDA,Wyatt Garrett,77815739 1623,RAMIRO,"P.O. Box 857, 3118 Mi Avenue","$8,028",554-369-1810,S6G 7N2
25/02/2021 09:32:50,AUXILIO VIAL,SEGUROS ATLAS,Carolyn James,76905051 1998,RIGOBERTO,Ap #109-7277 Eu Street,"$3,065",556-832-9182,K5M 6O6
20/02/2020 01:04:01,CASETAS,GENERAL MOTORS,Hop Daniel,53888385 7777,CESAR,Ap #102-7206 Nunc Ave,"$8,718",554-309-6126,H2V 4N8
23/03/2021 02:53:52,URGENCIAS HOSPITAL,GENERAL MOTORS,Halee Buckley,49340470 8153,EDGAR,1169 Dui. Ave,"$5,303",555-836-7522,S5N 5Y2
12/08/2020 07:45:05,CASETAS,MAPFRE SEGUROS,Xena Meyers,14848341 4763,SUSANA,426-4880 Sapien. Av.,"$4,484",555-874-3020,L8K 3N1
22/08/2021 07:53:26,PAGO DIRECTO,MAPFRE SEGUROS,Vanna Roman,62733741 4838,ANDRES,4538 Mollis. Street,"$4,888",555-683-5933,D7F 8K7
13/06/2021 08:13:08,GRUA,GONER,Kylan Hinton,76277137 2112,MARISOL,"Ap #874-1163 A, Ave","$8,742",559-311-1336,H1M 8K1
22/06/2021 12:21:26,PAGO DIRECTO,SEGUROS ATLAS,Alexa Rios,21286904 6285,RAMIRO,153-4748 Cursus Ave,"$4,251",556-286-5716,I5S 5M6
11/12/2020 10:45:27,URGENCIAS HOSPITAL,MAPFRE SEGUROS,Scott Richardson,36717844 4635,SUSANA,Ap #619-9461 Maecenas Street,"$1,089",553-225-1335,V7C 7J3
24/09/2020 02:20:58,AUXILIO VIAL,GONER,Magee Riddle,78686621 6077,SUSANA,807-9210 Malesuada Rd.,"$1,513",555-486-2274,X6O 6X7
24/01/2022 03:55:18,URGENCIAS HOSPITAL,GENERAL MOTORS,Ross Cruz,33503627 5801,RIGOBERTO,Ap #757-3302 Inceptos Av.,"$4,632",553-564-8347,U0V 9H3
29/12/2020 08:30:18,COMBUSTIBLE,MAZDA,Akeem Dudley,79271129 4456,RAMIRO,Ap #629-7423 Enim. Rd.,"$8,335",559-462-0876,W3W 1S6
26/11/2020 04:56:56,CASETAS,GONER,Leonard Avery,10849128 1673,ANDRES,376-2406 Diam St.,"$2,306",553-946-7355,Y9E 8U7
05/12/2021 11:34:44,GRUA,GENERAL MOTORS,Honorato Tate,87131868 8772,ANDRES,"P.O. Box 149, 7570 Nec, St.","$5,617",553-801-3503,V5Y 5V4
07/08/2021 02:06:45,COMBUSTIBLE,SEGUROS ATLAS,Davis Blankenship,24546778 2827,RAMIRO,751-7429 Aliquam Av.,"$7,361",558-824-7314,N3F 7F4
18/02/2021 02:50:27,COMBUSTIBLE,GONER,Tamekah Nelson,97378364 1611,SUEMY,"5435 A, Rd.","$3,054",558-783-2182,S0W 7P6
30/09/2021 05:48:36,GRUA,SEGUROS ATLAS,Basil Mcpherson,85616455 9384,CESAR,Ap #472-6350 Fusce Ave,"$9,219",551-366-7142,R2E 8K6
05/04/2022 06:27:14,PAGO DIRECTO,MAPFRE SEGUROS,Dorian Daugherty,58520135 8353,MARISOL,909-7469 Class Rd.,$83,554-270-7619,C7G 3N1
27/11/2021 10:43:52,PAGO DIRECTO,GENERAL MOTORS,Alec Kaufman,54933334 8365,SUSANA,"P.O. Box 267, 9751 Sem, St.","$1,316",554-895-1501,G1V 2T3
08/03/2021 04:46:58,AUXILIO VIAL,GONER,Allen Byrd,33938829 4462,MARISOL,"3345 Rutrum, Av.","$6,291",556-726-0881,K1F 8V6
04/11/2020 12:28:04,CASETAS,SEGUROS ATLAS,Dexter Bender,62835722 9382,EDGAR,7076 Mus. Street,"$9,494",552-173-6880,X5O 0J8
06/03/2020 08:30:04,AUXILIO VIAL,SEGUROS ATLAS,Raven Holland,96767781 3016,SUEMY,Ap #877-265 Imperdiet Avenue,"$4,337",553-438-2021,X8S 4L7
17/06/2021 08:03:47,COMBUSTIBLE,MAZDA,Ray Reilly,38721146 7627,SUSANA,Ap #390-5313 Pellentesque Rd.,$946,557-674-5327,V0B 9R1
02/06/2020 01:07:15,GRUA,SEGUROS ATLAS,Rina Gonzales,73182407 7677,SUSANA,"P.O. Box 532, 6104 Magna. Ave","$7,052",558-805-9764,N1N 6Q9
21/03/2022 12:24:12,COMBUSTIBLE,GENERAL MOTORS,Murphy Flores,88679011 3440,CESAR,117-3816 A Road,"$8,165",558-479-3136,I3B 4Y0
21/10/2020 09:12:01,URGENCIAS HOSPITAL,GNP,Brett Lawrence,56136328 6428,SUSANA,Ap #846-2095 Porttitor Road,"$7,247",554-838-8412,Q8H 3J3
02/02/2022 04:27:20,GRUA,MAPFRE SEGUROS,Rana Woods,14587113 5411,EDGAR,3665 Vitae St.,"$1,663",557-644-6212,F7W 4L3
31/08/2021 06:05:54,COMBUSTIBLE,MAPFRE SEGUROS,Martena Jarvis,74712301 7933,SUSANA,"375-5954 Vel, St.","$7,336",554-437-3403,X6C 8K7
12/10/2020 01:57:49,GRUA,SEGUROS ATLAS,Baker Kent,73343065 2736,ANDRES,934-4920 Mollis Av.,"$4,720",555-483-2743,D7M 1S2
06/04/2021 01:26:45,GRUA,MAPFRE SEGUROS,Dara Bonner,66650315 8115,SUEMY,4846 Ante Rd.,"$8,289",554-731-3105,X6G 0R4
09/08/2021 07:36:41,GRUA,SEGUROS ATLAS,Cyrus Fernandez,91250711 5539,MARISOL,6543 Sed Ave,"$2,488",552-795-4438,U8Y 1Q7
21/01/2020 01:26:24,AUXILIO VIAL,MAPFRE SEGUROS,Amir Gilliam,73578574 8943,SUEMY,6414 Ac Rd.,"$2,123",557-549-6522,A7K 5G0
27/04/2020 09:10:29,PAGO DIRECTO,GNP,Madaline Johnston,24803066 1058,CESAR,849-9609 Nisi. Rd.,$736,558-163-6326,R2J 5E6
15/09/2020 05:47:43,PAGO DIRECTO,GONER,Carolyn Mcclure,93143682 3563,TANIA,591-9876 Ultrices St.,"$1,023",557-627-8529,R6P 6T0
16/03/2022 12:34:25,CASETAS,MAZDA,George Blake,88725134 6191,ANDRES,Ap #524-9414 Porttitor Av.,"$6,271",558-287-5483,L3R 0X8
02/07/2021 11:27:23,PAGO DIRECTO,GNP,Dacey Mullins,12176162 0251,ANDRES,6031 Vulputate Ave,"$3,105",552-106-6361,C7I 6Z2
15/12/2020 04:16:16,COMBUSTIBLE,SEGUROS ATLAS,Elaine Hardy,12785085 8113,EDGAR,Ap #515-4925 Massa Avenue,"$6,093",554-645-5011,D4P 8K9
12/02/2020 06:19:11,COMBUSTIBLE,GONER,Reese David,01365298 8615,SUSANA,"P.O. Box 562, 362 Metus. St.","$2,055",552-612-9477,O1V 8O6
24/10/2021 05:26:08,COMBUSTIBLE,MAZDA,Charity Malone,25228443 1004,ANDRES,Ap #564-8849 In Av.,"$4,969",558-285-1206,I3T 8J1
22/04/2021 09:08:57,AUXILIO VIAL,MAZDA,Martin Berry,36324367 0366,SUSANA,5245 Tellus. Rd.,"$5,030",559-338-7686,B8N 4W6
13/11/2021 10:15:23,AUXILIO VIAL,GONER,Julian Jennings,67698276 5585,CESAR,7645 Diam Ave,"$5,432",557-478-4620,J5H 1X5
18/04/2022 04:16:56,PAGO DIRECTO,MAZDA,Irene Bolton,63385764 6537,SUSANA,"P.O. Box 436, 9765 Ut Ave","$9,353",554-361-3377,O5O 2O2
08/01/2022 05:45:25,URGENCIAS HOSPITAL,MAPFRE SEGUROS,Neville King,65790325 7854,EDGAR,"P.O. Box 850, 5523 Mauris Rd.","$4,772",556-344-3295,K7I 9R8
19/12/2020 08:52:55,PAGO DIRECTO,SEGUROS ATLAS,Denise Wall,47716438 0586,RIGOBERTO,550-6469 Massa. Rd.,"$1,353",551-453-4262,T9R 7J8
13/11/2020 02:03:49,URGENCIAS HOSPITAL,SEGUROS ATLAS,Cameron Roach,66724471 2430,SUEMY,704-6731 Tortor. St.,"$9,858",552-274-5755,V0H 4L1
25/09/2021 04:26:26,GRUA,MAZDA,Alexander Calhoun,16877177 4397,CESAR,Ap #263-9289 Tortor Av.,"$3,562",557-916-8121,Q7P 2S2
09/06/2021 05:24:45,GRUA,MAPFRE SEGUROS,Kirsten Whitfield,39878548 4844,SUEMY,644-606 Fringilla Road,"$3,640",557-475-8385,H5P 0V5
01/06/2021 06:41:16,URGENCIAS HOSPITAL,MAZDA,Ronan Kemp,00708791 1498,RIGOBERTO,245-1698 Consectetuer Avenue,"$5,100",556-362-5038,T3T 5X8
01/10/2021 03:09:46,COMBUSTIBLE,GONER,Justin Pratt,49611731 2790,RAMIRO,"P.O. Box 159, 4867 Interdum Street","$1,508",552-652-5767,G2R 2Y6
25/11/2020 12:34:56,AUXILIO VIAL,MAZDA,Gabriel Austin,17364191 4314,CESAR,"P.O. Box 996, 4024 Sagittis Rd.","$4,697",551-334-4315,I3Q 1X9
14/05/2021 01:45:39,AUXILIO VIAL,MAZDA,Candace Peterson,30527546 0368,TANIA,"8690 Tempor, Road","$3,045",557-726-0654,N3X 6U2
18/11/2021 04:27:19,COMBUSTIBLE,MAPFRE SEGUROS,Kermit Booker,37858759 8352,TANIA,Ap #395-5172 Amet Rd.,"$6,083",556-572-5188,M6L 1D6
18/02/2020 06:35:06,GRUA,GENERAL MOTORS,Sonia Sutton,62260371 6324,SUSANA,751-1529 Eget Road,"$1,600",557-118-4595,E3J 8K7
30/09/2020 04:10:29,AUXILIO VIAL,GNP,Cruz Olsen,21375871 0931,TANIA,324-2687 Odio Av.,"$3,648",557-230-7337,B6Y 5A8
17/02/2022 05:55:57,CASETAS,GENERAL MOTORS,Desirae Lambert,61466247 8115,TANIA,"P.O. Box 476, 2358 Diam. Rd.",$58,552-438-2261,K7E 2Z1
21/02/2020 02:28:06,URGENCIAS HOSPITAL,GENERAL MOTORS,Ryan Mills,42105413 2618,RIGOBERTO,Ap #329-9665 Molestie Street,"$8,908",558-658-3148,B6Q 5R5
02/05/2020 05:41:18,CASETAS,GENERAL MOTORS,Diana Grant,52938277 8347,EDGAR,"P.O. Box 146, 6613 Augue Av.","$3,258",553-347-9404,E4N 8N4
16/10/2021 12:38:08,COMBUSTIBLE,SEGUROS ATLAS,Nell Mcclain,43563132 5149,RAMIRO,587-8430 Lacinia Road,"$4,291",551-816-4784,S8B 5L3
08/03/2021 11:22:04,PAGO DIRECTO,GNP,Flynn Day,12139577 5513,CESAR,"P.O. Box 899, 6334 Risus Rd.","$7,158",555-443-9691,R8H 5X3
08/10/2021 07:42:07,CASETAS,MAZDA,Joan Eaton,77550332 1226,SUSANA,6956 Et St.,"$2,628",558-670-9729,J0E 1C8
10/01/2021 05:56:55,GRUA,MAPFRE SEGUROS,Brenna Dickson,28233438 2031,MARISOL,"P.O. Box 710, 9796 Sit Av.","$4,285",552-439-4687,N8R 0G1
04/01/2021 02:50:10,AUXILIO VIAL,MAZDA,Alfreda Terrell,41237373 2458,ANDRES,"P.O. Box 234, 1664 Tortor Road","$6,480",557-471-8883,B8A 6A7
15/07/2020 07:50:49,COMBUSTIBLE,GENERAL MOTORS,Xena Stone,71903133 1622,CESAR,"P.O. Box 350, 4114 Sed, Ave","$6,528",554-950-7838,C0M 8X8
07/10/2021 06:13:05,PAGO DIRECTO,MAPFRE SEGUROS,Hector Fitzpatrick,02729836 3414,EDGAR,"P.O. Box 858, 2483 Cubilia Rd.","$8,086",552-653-7580,E6J 8H9
01/04/2021 04:39:12,GRUA,MAZDA,Eagan Carr,24227448 2583,EDGAR,636-626 Massa. Street,"$8,899",557-245-8832,B0G 5W2
02/02/2022 11:27:08,URGENCIAS HOSPITAL,GENERAL MOTORS,Rina Vaughan,88867135 4389,RIGOBERTO,Ap #666-1544 Molestie St.,"$7,389",556-613-5239,D8U 2N8
16/01/2022 10:33:40,AUXILIO VIAL,MAPFRE SEGUROS,Barbara Wood,93437414 7654,MARISOL,Ap #735-6498 Erat Street,"$6,202",558-573-7748,Z7O 3P1
13/09/2020 08:31:05,CASETAS,SEGUROS ATLAS,Xena Mcmillan,88326585 7710,RAMIRO,Ap #610-2038 Habitant Av.,"$4,120",552-542-3353,K0H 9B9
05/02/2022 02:59:01,COMBUSTIBLE,GNP,Holly Gibbs,38365147 6108,SUEMY,644-2184 Ipsum Street,"$2,555",551-628-3565,G7W 7V8
14/09/2021 07:01:20,URGENCIAS HOSPITAL,GONER,Adria Cannon,52353656 7831,MARISOL,845-8009 Lectus Av.,"$2,791",554-788-3563,O7L 2X6
17/03/2020 03:06:45,URGENCIAS HOSPITAL,GNP,Madeline Ward,83502894 8679,TANIA,Ap #798-4013 Ipsum Rd.,"$7,570",554-940-2655,S5E 0S3
15/02/2021 11:27:07,GRUA,MAPFRE SEGUROS,Kato Elliott,45771856 8830,SUSANA,"P.O. Box 106, 3965 Proin Street","$2,114",552-299-7386,L1Q 3D6
18/08/2020 03:37:45,PAGO DIRECTO,MAZDA,Harlan Irwin,48908481 2871,CESAR,"P.O. Box 787, 9197 Vestibulum Rd.","$3,347",552-955-5636,R4A 1Q8
03/01/2022 03:52:33,AUXILIO VIAL,GNP,Sandra Fuentes,72474593 1725,RAMIRO,"P.O. Box 265, 8153 Nulla Rd.","$6,116",559-242-4516,J6Y 1X6
10/08/2021 09:57:32,COMBUSTIBLE,SEGUROS ATLAS,Ella Lott,74256436 9537,CESAR,"P.O. Box 954, 7435 Ante Rd.","$8,814",554-373-5577,I4U 3H7
01/11/2020 02:06:01,AUXILIO VIAL,GONER,Odysseus Snow,95886347 1138,RAMIRO,Ap #924-416 Quisque Rd.,"$7,701",556-255-4435,T7W 6B4
16/03/2020 10:19:27,AUXILIO VIAL,MAZDA,Eric Vasquez,76107343 7551,CESAR,371-7551 Faucibus Rd.,"$5,110",552-825-1388,J6P 5R7
09/08/2020 01:39:19,AUXILIO VIAL,SEGUROS ATLAS,Barclay Barker,08840823 6309,MARISOL,Ap #573-4661 Cursus Ave,"$7,840",555-650-4741,A9Q 6K1
19/09/2020 12:25:32,URGENCIAS HOSPITAL,GENERAL MOTORS,Pearl Blevins,43438161 1725,ANDRES,"P.O. Box 354, 6689 In, Avenue",$986,552-882-8757,O7M 5G3
08/06/2021 11:29:35,COMBUSTIBLE,SEGUROS ATLAS,Kyra Buck,43479636 1356,CESAR,"4244 A, Avenue","$9,224",555-727-1692,O5I 9I6
20/12/2021 12:39:56,COMBUSTIBLE,GNP,Gloria Caldwell,37798026 6250,SUSANA,Ap #168-3188 Sapien Road,"$7,335",556-895-2134,Y1E 2G7
08/02/2022 11:34:11,PAGO DIRECTO,GONER,Kellie Chang,16180138 4576,TANIA,"402-2051 Orci, Avenue","$4,482",558-519-8448,V2D 8S4
15/08/2020 12:30:58,AUXILIO VIAL,GENERAL MOTORS,Mira Patton,16753781 8772,EDGAR,681-2687 Vulputate Road,"$1,114",558-280-9561,J6Z 3F9
04/11/2021 12:52:26,COMBUSTIBLE,MAZDA,Rama Montoya,37886263 4915,SUSANA,4159 Leo. Street,"$6,001",554-577-2615,O3E 4C1
05/08/2020 03:12:45,PAGO DIRECTO,MAZDA,Karina Giles,66315647 4952,RAMIRO,395-6162 Ipsum Street,"$5,612",554-555-6485,Q8Y 3R3
01/12/2020 03:55:22,PAGO DIRECTO,GENERAL MOTORS,Jamal Collins,09423260 2776,TANIA,"P.O. Box 923, 2088 Dictum Rd.","$9,214",552-730-6685,X5P 7Y8
14/04/2022 03:27:33,GRUA,MAZDA,Sigourney Mendez,64036135 3519,SUEMY,"456-5234 Vitae, Av.","$9,442",551-153-1840,E6E 6M7
07/04/2020 01:03:14,CASETAS,SEGUROS ATLAS,Stacey Dawson,36561437 7375,CESAR,126-3771 Ac Ave,"$2,567",555-676-4374,R0C 8P2
04/02/2021 03:55:41,COMBUSTIBLE,GONER,Mannix Decker,27820452 3677,ANDRES,Ap #893-4958 Tellus. Av.,"$8,245",552-886-4598,I8D 4K3
11/01/2020 08:54:48,CASETAS,GONER,Aiko Ruiz,46521585 5525,RAMIRO,665-7412 Orci. St.,"$7,680",552-885-1398,I5H 8R5
24/02/2020 03:23:07,GRUA,GNP,Danielle Mcbride,51588581 6697,MARISOL,Ap #419-1774 Lobortis Ave,"$9,202",558-352-7808,S7P 4K4
08/06/2020 01:09:26,URGENCIAS HOSPITAL,GNP,Kyla Rodgers,16974196 9313,RIGOBERTO,842-2635 Penatibus Av.,"$3,311",551-294-6185,O6C 6B5
31/03/2022 07:33:15,PAGO DIRECTO,GNP,India Reid,87114112 4788,SUEMY,809-7797 Sagittis. Rd.,"$5,985",554-958-4474,I2Q 8F0
29/03/2021 02:02:22,URGENCIAS HOSPITAL,GONER,Claire Meadows,91154187 0619,SUSANA,907-6892 Lacus. Avenue,"$9,839",556-533-3539,T3Y 2F8
05/09/2021 09:52:16,PAGO DIRECTO,MAPFRE SEGUROS,Ezra Burton,48374605 7280,EDGAR,Ap #959-6152 Enim. Street,"$8,420",556-687-2726,T8T 3K6
05/08/2020 02:42:37,COMBUSTIBLE,GENERAL MOTORS,Buckminster Hall,71164671 5372,TANIA,8020 Augue Road,"$6,541",558-685-8284,Y2W 2V3
07/01/2022 06:47:05,AUXILIO VIAL,GNP,Brielle Kirby,14683862 1971,CESAR,550-4520 Lacinia Avenue,"$2,674",555-472-4366,M0O 1C8
22/03/2022 02:46:46,COMBUSTIBLE,MAPFRE SEGUROS,Brian Stone,25133586 4394,SUEMY,538-7594 Nunc. Avenue,"$5,864",554-947-6511,L7T 5H3
06/03/2020 02:27:47,COMBUSTIBLE,MAZDA,Lyle Mendoza,17678555 3689,TANIA,Ap #464-373 Egestas Avenue,"$6,105",558-971-5304,Y8M 3D2
02/05/2020 07:45:43,CASETAS,GNP,Dominique Watkins,63386713 7482,RAMIRO,Ap #875-7227 Tellus Rd.,"$7,878",553-968-4299,N7D 3S5
15/09/2021 06:49:43,AUXILIO VIAL,MAPFRE SEGUROS,Logan Lee,16184744 8557,SUSANA,631 Nullam St.,"$8,950",557-254-9635,X0R 1B6
09/06/2021 11:30:46,PAGO DIRECTO,GENERAL MOTORS,Flynn Salinas,45135241 5941,ANDRES,"4687 Aliquam, Rd.","$7,580",555-333-8102,S5P 6X3
10/05/2020 09:01:07,PAGO DIRECTO,SEGUROS ATLAS,Hamilton Baxter,27666103 6266,SUEMY,Ap #867-1753 Morbi Rd.,"$9,162",553-806-7824,A7U 5C8
03/07/2021 05:16:02,PAGO DIRECTO,GENERAL MOTORS,Vanna Price,44889038 1063,ANDRES,1079 Cum Rd.,$344,552-739-4839,A6L 8U7
28/03/2022 11:20:55,GRUA,SEGUROS ATLAS,Ahmed Sargent,62576613 6547,EDGAR,7133 Auctor Rd.,"$4,918",556-497-5440,E4Y 3N7
07/12/2021 04:35:59,CASETAS,GENERAL MOTORS,Eaton Hansen,92185142 5344,ANDRES,Ap #571-794 Orci St.,"$9,851",555-307-3040,Z7H 5N7
01/10/2021 12:34:25,PAGO DIRECTO,GENERAL MOTORS,Karly Franco,55741727 4263,RIGOBERTO,"419-9887 Non, St.","$8,938",554-559-9469,K8Q 7G1
28/02/2021 03:27:07,PAGO DIRECTO,MAZDA,Nero Kelly,15854956 6487,RAMIRO,Ap #321-3380 Vivamus St.,$120,554-814-8731,Y2F 9Q9
26/02/2022 12:01:13,PAGO DIRECTO,MAZDA,Quinn Guerrero,46174691 1433,RAMIRO,"P.O. Box 183, 822 Dignissim Road","$3,433",555-425-2266,O1J 2B5
02/05/2020 12:44:02,URGENCIAS HOSPITAL,GENERAL MOTORS,Patricia Chandler,62378432 7393,RAMIRO,275-3808 Arcu Road,"$8,303",558-175-8721,D2F 6S8
05/09/2021 07:11:33,GRUA,MAZDA,Andrew Grant,63728833 3534,TANIA,"6119 Id, Rd.","$9,621",554-216-6558,T6O 2Y2
26/04/2022 05:38:02,CASETAS,SEGUROS ATLAS,Caryn Carr,58103249 5166,ANDRES,275-1208 Proin Ave,"$1,201",553-743-5897,R1I 4Y6
07/09/2020 09:08:30,GRUA,MAPFRE SEGUROS,Judah Pearson,81193752 2784,CESAR,468-3367 Sed St.,"$3,400",556-451-7689,W0T 6W7
26/11/2021 08:24:35,AUXILIO VIAL,GONER,Jael Haynes,50863827 9133,TANIA,"P.O. Box 717, 6615 Velit Road","$5,065",552-476-7434,O8F 8P6
19/12/2020 05:46:42,CASETAS,GENERAL MOTORS,Brielle Tyson,68866333 8832,TANIA,"P.O. Box 816, 2514 Et Rd.","$3,919",557-743-0304,L2W 1K5
10/12/2021 12:14:38,CASETAS,MAZDA,Akeem Marks,35165951 7848,SUSANA,Ap #689-5497 Bibendum St.,"$9,455",555-825-4353,B8C 5E5
15/03/2022 04:07:13,CASETAS,GONER,Grady Landry,65717173 7044,RIGOBERTO,330 Integer Road,"$6,661",551-496-9220,O0M 7G9
10/01/2022 09:10:36,AUXILIO VIAL,SEGUROS ATLAS,Dalton Chen,46356121 5727,RAMIRO,Ap #303-733 Malesuada. Ave,"$1,203",552-443-3600,M1E 3H8
18/10/2020 08:08:57,URGENCIAS HOSPITAL,GENERAL MOTORS,Lester Mendoza,65588560 3726,CESAR,550-8073 Neque Road,"$8,884",551-854-1951,R1Y 5M9
09/06/2020 06:14:01,AUXILIO VIAL,MAZDA,Uma Roman,99625630 2956,RAMIRO,Ap #304-9567 Urna. Street,$68,555-200-5637,J0Y 9L2
30/04/2022 11:35:04,URGENCIAS HOSPITAL,GNP,Hashim Bradshaw,78434022 7576,ANDRES,Ap #224-6546 Sed Rd.,"$7,856",555-422-2156,H9V 1L4
15/11/2021 03:46:59,GRUA,GENERAL MOTORS,Barry Steele,26503233 7648,EDGAR,689-6451 Luctus. Road,$206,555-717-5832,K3O 7P9
19/01/2020 05:06:10,COMBUSTIBLE,GENERAL MOTORS,Lois Ramirez,83730022 2034,SUSANA,"P.O. Box 244, 493 Cum Street","$9,672",557-714-6843,R4P 5T6
27/01/2021 02:16:56,CASETAS,GONER,Neil Christensen,17835553 2225,SUSANA,8296 Dapibus Rd.,"$1,254",553-373-1703,X2P 1M0
18/03/2022 05:12:45,GRUA,SEGUROS ATLAS,Doris Macdonald,81471453 2556,RAMIRO,2129 Libero Rd.,"$6,047",557-504-8865,Q3T 4O2
17/01/2022 02:32:24,CASETAS,GENERAL MOTORS,Libby Carrillo,19128393 4902,RAMIRO,8136 Semper Ave,"$4,306",555-695-3178,V9M 1G3
09/12/2021 12:33:14,PAGO DIRECTO,GONER,Rashad Brewer,61563014 8709,SUSANA,Ap #189-7727 Sed Ave,"$7,074",553-251-6992,K8P 3K4
31/05/2021 07:06:35,URGENCIAS HOSPITAL,MAZDA,Kai Vasquez,46260253 6664,ANDRES,"P.O. Box 567, 5072 Lobortis Rd.",$616,559-465-8640,Q3J 2L7
09/03/2020 09:40:40,URGENCIAS HOSPITAL,MAPFRE SEGUROS,Jemima Mayer,35780786 1442,EDGAR,330-6651 Et Rd.,$117,554-420-5567,E5E 6V3
28/12/2020 06:10:16,URGENCIAS HOSPITAL,GENERAL MOTORS,Stuart Sweet,94223840 1223,MARISOL,998-8613 Risus. St.,"$9,802",556-584-6740,M7Z 8S2
16/10/2021 09:19:34,URGENCIAS HOSPITAL,MAZDA,Christopher Matthews,24987376 8911,ANDRES,8663 Ullamcorper. Av.,"$3,880",553-132-5572,J3Z 1R7
22/06/2021 10:05:12,URGENCIAS HOSPITAL,SEGUROS ATLAS,Fiona Hall,10773550 5685,RAMIRO,347-5227 Tempus St.,$906,558-555-8686,L1E 8Q8
20/07/2021 03:01:21,COMBUSTIBLE,SEGUROS ATLAS,Amena Stanley,79568217 6778,TANIA,"P.O. Box 972, 6970 Donec Rd.","$9,508",558-314-4552,T3Q 4O6
08/03/2022 11:50:39,AUXILIO VIAL,GONER,Candice Perez,19058084 8462,ANDRES,722 Interdum St.,"$9,880",551-725-2241,O8C 1G8
22/08/2020 08:51:41,URGENCIAS HOSPITAL,GNP,Octavia Montoya,67130726 2513,SUEMY,866-6091 Quisque Street,"$7,758",554-464-1745,X4I 6J1
20/02/2020 05:32:53,AUXILIO VIAL,GNP,Wynne Moran,35832577 5011,SUSANA,"Ap #730-3484 Sed, Rd.","$1,671",555-418-6822,Z6R 6B2
28/07/2021 05:01:41,AUXILIO VIAL,GNP,Nasim Patrick,58624131 8762,MARISOL,901-6920 Feugiat Street,"$1,547",555-553-4232,V5O 5O4
18/03/2020 12:30:47,PAGO DIRECTO,GNP,Vladimir Petersen,18637840 9448,ANDRES,274-9472 Ornare. Av.,"$1,258",552-192-4601,N7D 5M4
10/08/2020 05:10:24,CASETAS,MAPFRE SEGUROS,Nathaniel Caldwell,18642861 9320,SUSANA,2914 A St.,$264,556-817-4469,I8N 5Q3
29/06/2020 06:06:47,COMBUSTIBLE,SEGUROS ATLAS,Kimberley Clarke,35268381 3832,TANIA,6221 Tempor St.,"$3,279",556-122-4039,E1D 1Z7
03/09/2021 04:09:29,CASETAS,GNP,Jada Townsend,02462823 5321,SUEMY,Ap #453-3942 A St.,"$9,274",557-478-1273,S1U 7L7
10/07/2021 03:02:53,URGENCIAS HOSPITAL,SEGUROS ATLAS,Lydia O'brien,85847539 6272,CESAR,Ap #495-1944 Elit. St.,"$7,204",553-523-2271,X5N 4S9
26/01/2021 08:06:08,GRUA,MAZDA,Chantale Hammond,25731653 6916,SUSANA,791-4369 Cras Av.,"$6,945",554-314-7324,M3U 1G6
01/05/2022 09:10:11,PAGO DIRECTO,GONER,Wesley Franklin,91971356 5112,RAMIRO,9309 Morbi Rd.,"$4,508",559-825-2053,H4K 9A4
06/08/2020 09:07:38,GRUA,GNP,Timon Mcmahon,72662444 4735,CESAR,"467-5314 Dui, Road","$8,946",555-777-4645,Q4R 6E8
14/05/2020 01:24:06,PAGO DIRECTO,SEGUROS ATLAS,Lev Garrison,17466766 6857,ANDRES,104-700 Quis Rd.,"$7,652",553-836-0864,P5T 3B1
02/01/2020 02:06:48,COMBUSTIBLE,GNP,Mason Carpenter,72671859 3465,RAMIRO,"P.O. Box 137, 3425 Ornare, Av.","$8,919",557-182-9675,G3V 9L2
10/03/2020 01:58:22,COMBUSTIBLE,GENERAL MOTORS,Lila Cohen,95154249 8093,SUEMY,"P.O. Box 829, 2096 Quisque Rd.","$5,926",554-286-6625,A6D 8Q3
18/01/2022 02:21:33,URGENCIAS HOSPITAL,SEGUROS ATLAS,Amy Thomas,97381776 5732,MARISOL,Ap #195-8252 Etiam Avenue,$174,554-374-1771,B6C 2E8
12/03/2020 12:43:23,COMBUSTIBLE,MAZDA,Karen Hardin,15748426 8397,CESAR,712-8242 Metus. St.,"$6,946",556-481-2787,K5J 0K5
18/06/2020 12:04:20,CASETAS,MAZDA,Elizabeth Mcguire,12610365 4932,MARISOL,3930 Sagittis Rd.,"$6,566",555-243-8341,R5P 9T1
15/02/2020 05:28:48,CASETAS,GONER,Roary Blankenship,12734261 6668,TANIA,"P.O. Box 732, 3323 Erat Rd.","$2,015",556-612-1664,X5X 3Z3
24/11/2020 10:00:22,GRUA,SEGUROS ATLAS,Tatyana Boyd,64756847 9267,CESAR,"P.O. Box 796, 9187 Mauris Rd.","$1,762",558-882-8763,M1C 8H2
21/08/2021 04:33:51,CASETAS,SEGUROS ATLAS,Reed Schroeder,99619623 7077,TANIA,"P.O. Box 803, 2461 Diam St.","$4,791",552-477-3751,V5S 3G4
27/07/2020 11:26:48,CASETAS,MAZDA,Kuame Fernandez,14356758 1871,RAMIRO,"943-2513 Non, St.","$9,023",553-405-2766,M3Y 4Q2
04/03/2021 10:37:39,AUXILIO VIAL,GONER,Wesley Mays,31660224 6367,SUSANA,180-1036 Mauris St.,"$7,606",557-574-0115,B4K 2R9
03/05/2021 11:19:54,CASETAS,GENERAL MOTORS,Melvin Sexton,73086347 5800,RIGOBERTO,294-619 Velit. St.,"$2,385",556-423-4627,B2E 9R3
05/07/2020 07:58:23,PAGO DIRECTO,SEGUROS ATLAS,Octavius Rogers,83531381 6171,CESAR,Ap #742-3208 Lacinia. Avenue,"$2,677",558-151-2143,D6U 8Y4
05/08/2021 08:20:45,AUXILIO VIAL,GENERAL MOTORS,Xandra Barr,81532842 3377,EDGAR,Ap #820-8023 Nunc Road,"$4,028",556-351-8224,B4D 8X6
28/12/2021 04:38:55,PAGO DIRECTO,MAPFRE SEGUROS,Tanya Nash,87761783 7312,RAMIRO,634-6464 Posuere Avenue,"$6,272",558-364-4371,M2K 1W9
04/09/2020 01:09:56,COMBUSTIBLE,GNP,Rachel Massey,78646374 7149,RAMIRO,4509 Velit St.,"$1,679",556-561-7107,O6I 1P8
28/06/2020 11:05:37,GRUA,MAZDA,Martha Skinner,82483337 6202,SUEMY,782-4267 Convallis Avenue,"$1,809",557-822-1219,S8G 3Y1
15/08/2020 12:58:53,GRUA,GNP,Bryar Boone,82442423 2965,SUEMY,900-8337 Lorem Street,"$7,119",556-173-2547,H1I 6Z4
19/01/2022 09:44:00,URGENCIAS HOSPITAL,SEGUROS ATLAS,Martina Randolph,96116842 4788,SUSANA,824-3932 Gravida Road,"$6,366",559-245-8757,M4X 4A2
03/02/2020 10:01:45,URGENCIAS HOSPITAL,MAZDA,Hector Giles,87410736 2113,CESAR,Ap #113-5448 Nisl. St.,"$6,217",553-271-4545,Y8I 9W0
27/08/2020 12:17:34,URGENCIAS HOSPITAL,GNP,Ifeoma Mccall,67915137 9945,MARISOL,Ap #474-5140 Quam St.,"$7,928",556-224-4951,P3J 4W1
15/08/2020 11:16:35,CASETAS,GENERAL MOTORS,Gabriel Parks,24841458 3408,CESAR,"5932 Id, Avenue","$8,964",554-412-7231,B6C 8M8
13/09/2021 12:17:30,AUXILIO VIAL,MAPFRE SEGUROS,Shaeleigh Sanchez,94359366 7517,TANIA,426-1244 Sociis St.,"$9,974",555-426-9701,Y9V 2P6
30/07/2020 02:47:11,CASETAS,GNP,Merrill Lara,33646539 1316,CESAR,2512 Facilisis Street,"$7,283",554-548-1237,O8P 8X4
13/02/2022 02:06:49,GRUA,MAPFRE SEGUROS,Bradley Morgan,71201656 5644,ANDRES,Ap #964-9242 Quisque Road,"$2,947",555-219-3497,I3P 4Q1
23/04/2022 06:35:43,CASETAS,MAZDA,Timon Hart,18674372 0472,ANDRES,"P.O. Box 571, 1065 Nec, Street","$8,014",552-682-5573,G9U 3E4
16/03/2021 06:25:29,PAGO DIRECTO,SEGUROS ATLAS,Justine Lancaster,67761632 3068,ANDRES,"P.O. Box 649, 9580 Cum Rd.","$5,791",556-921-2136,Y7I 2J3
25/02/2022 09:49:52,COMBUSTIBLE,GNP,Vladimir Fisher,51138676 8591,MARISOL,"P.O. Box 538, 4207 Luctus Avenue","$6,788",552-168-5077,E5M 6C8
29/04/2020 09:21:18,AUXILIO VIAL,MAPFRE SEGUROS,Tobias Workman,50176141 1368,SUEMY,911-7204 Molestie Av.,"$8,001",551-641-3548,C7R 3Y3
14/08/2020 06:53:23,PAGO DIRECTO,SEGUROS ATLAS,Dillon Horne,65731281 1055,SUEMY,471-5875 Vel St.,"$8,047",557-589-0731,S4T 6Y3
01/09/2021 09:22:46,CASETAS,MAZDA,Eric Gill,43383882 1546,SUSANA,"P.O. Box 201, 7248 Vestibulum Street",$904,558-472-4522,W3M 5J6
17/03/2021 09:25:40,URGENCIAS HOSPITAL,GONER,Avye Joyner,84225394 6414,TANIA,Ap #233-8120 Aliquet. Rd.,"$6,838",551-483-3085,V6R 7E2
01/06/2020 03:11:03,GRUA,GENERAL MOTORS,Jameson Christian,60293867 9115,RIGOBERTO,Ap #464-7674 Scelerisque Av.,"$4,543",557-584-8245,J4K 5Q6
20/09/2020 04:36:54,CASETAS,GONER,Quinlan Mcgee,26279137 6161,RIGOBERTO,"5794 Quis, Road","$7,895",556-227-2950,T8R 9G2
12/01/2020 03:51:36,URGENCIAS HOSPITAL,MAZDA,Sade Preston,63191821 9736,CESAR,Ap #293-5729 Tellus Ave,"$1,203",553-526-1742,J3P 8K5
16/09/2020 02:49:21,COMBUSTIBLE,MAPFRE SEGUROS,Lester Martin,17166523 1766,RAMIRO,474-6308 Phasellus Avenue,"$7,442",554-204-1878,X7C 8J9
07/05/2020 05:59:46,PAGO DIRECTO,MAZDA,Willow Leblanc,86511812 0850,EDGAR,"Ap #542-4235 Vitae, St.",$583,559-464-7511,E8G 6O6
19/03/2020 03:54:51,COMBUSTIBLE,MAZDA,Ivan Copeland,52931417 3176,ANDRES,Ap #147-2763 Accumsan St.,"$1,541",553-241-8812,F8M 2L5
12/09/2020 08:16:02,URGENCIAS HOSPITAL,SEGUROS ATLAS,Nissim Skinner,38404215 0164,RAMIRO,588-9268 Ac St.,"$7,071",556-683-4759,G5O 3J4
28/01/2021 05:20:35,URGENCIAS HOSPITAL,GNP,Lacey Adkins,83322631 5558,MARISOL,782-3032 Natoque Rd.,"$4,002",558-949-5334,P0R 6I4
01/09/2021 07:20:00,AUXILIO VIAL,GONER,Zelda Mcpherson,48887215 2568,TANIA,Ap #260-1900 A Rd.,"$8,308",556-448-7684,F6V 5L9
06/10/2020 04:52:14,AUXILIO VIAL,MAZDA,Nathaniel Walters,84126427 3658,SUSANA,792-220 Pellentesque Street,$190,552-901-8864,D7P 9W1
15/07/2020 09:49:28,PAGO DIRECTO,GENERAL MOTORS,Germane Page,41020776 2871,EDGAR,453-5712 Curae Street,"$1,980",559-890-4677,Y8N 8K8
24/01/2020 03:07:38,COMBUSTIBLE,GENERAL MOTORS,Felix Valencia,89239856 5903,EDGAR,358-7868 Netus Road,"$7,773",556-563-6215,Y4V 3P4
18/05/2020 07:23:20,PAGO DIRECTO,MAPFRE SEGUROS,Silas Dyer,27588665 0731,CESAR,9467 Amet Rd.,"$7,998",554-821-6264,F8W 8Z7
12/12/2020 12:35:50,URGENCIAS HOSPITAL,SEGUROS ATLAS,Gary Daugherty,87914423 8222,TANIA,4795 Sed Avenue,"$5,806",558-671-6818,H2I 6Y1
13/04/2020 03:51:28,GRUA,GENERAL MOTORS,Rana Carney,64061049 8384,SUSANA,"767-3127 Posuere, Avenue","$2,928",555-490-2895,K2K 7I4
20/12/2021 03:09:40,URGENCIAS HOSPITAL,MAZDA,Wing Stewart,25878774 0620,SUSANA,466-8073 Tellus. Rd.,"$3,159",558-869-5335,N9W 1S2
14/08/2020 04:12:51,URGENCIAS HOSPITAL,GENERAL MOTORS,Maggie Doyle,42329510 1824,CESAR,"P.O. Box 904, 8367 Turpis Ave","$7,277",552-895-2415,T7O 4F8
12/08/2021 07:53:01,CASETAS,GONER,Mariko Lane,93567863 9543,SUEMY,890-3765 Arcu. Street,$837,555-467-3496,V4S 1F6
28/07/2021 11:09:13,GRUA,MAZDA,Karyn Velazquez,36713134 0464,RIGOBERTO,464-7525 Neque Road,"$1,025",551-526-8493,U3M 2U2
09/10/2021 06:28:37,GRUA,GENERAL MOTORS,Stella Copeland,79728040 2875,SUEMY,862-4415 Nascetur Rd.,$387,552-647-0858,D6E 7D4
30/05/2021 03:24:19,AUXILIO VIAL,GENERAL MOTORS,Ryan Thomas,42961167 8568,CESAR,Ap #869-9704 Morbi St.,"$7,972",555-314-8851,R8Y 3I6
26/01/2022 04:41:34,GRUA,MAPFRE SEGUROS,Quail Daniels,75268808 5276,RIGOBERTO,401-9140 Eleifend. Rd.,$350,558-843-1612,E6T 1J3
13/04/2021 06:27:06,GRUA,GONER,Gay Velez,95129278 8967,RIGOBERTO,"P.O. Box 241, 1284 Enim. Rd.","$6,149",554-682-3720,O1R 6Q7
02/03/2021 01:42:44,PAGO DIRECTO,MAPFRE SEGUROS,Georgia Santiago,27023357 3061,RIGOBERTO,695 Aliquam Avenue,$392,555-123-2096,K3Q 5P4
05/11/2021 05:45:37,COMBUSTIBLE,GENERAL MOTORS,Edan Ellison,62451081 4807,CESAR,"P.O. Box 676, 503 Non Avenue","$6,840",555-672-4627,D5F 5M5
17/12/2020 08:38:21,URGENCIAS HOSPITAL,SEGUROS ATLAS,Ferris Trujillo,11018805 1357,CESAR,855-2364 Tortor Avenue,"$9,971",555-307-6400,S5T 9E3
19/03/2021 01:33:43,COMBUSTIBLE,GENERAL MOTORS,Marvin Smith,83475873 7332,ANDRES,Ap #451-3746 In Road,"$4,225",559-927-7512,H6K 5E2
16/12/2020 08:08:10,CASETAS,MAZDA,Olivia Green,48646746 7681,ANDRES,3065 Lacus. Road,$132,552-773-1588,X7G 4H8
27/06/2021 04:25:08,CASETAS,GONER,Risa Petty,46268718 1087,MARISOL,558-1049 Mauris Street,"$1,864",556-567-1743,F5F 3A3
14/05/2021 09:23:07,GRUA,GNP,Connor Curry,78859294 0998,SUSANA,"P.O. Box 822, 1231 Tellus. Av.","$6,726",557-646-7342,U4K 1G8
11/09/2020 05:51:43,CASETAS,MAPFRE SEGUROS,Evan Matthews,25742556 1638,EDGAR,512-3515 Phasellus Rd.,"$2,870",556-681-7514,D5P 6G1
12/09/2021 10:54:24,PAGO DIRECTO,SEGUROS ATLAS,McKenzie O'connor,49686728 4624,CESAR,"P.O. Box 477, 2854 Ut Rd.",$434,554-514-4246,E9M 2E6
14/01/2021 01:14:41,URGENCIAS HOSPITAL,SEGUROS ATLAS,Cullen Abbott,15355321 9667,MARISOL,Ap #176-4933 Porttitor Road,"$7,147",556-822-7446,T5V 5T4
03/07/2020 12:49:12,URGENCIAS HOSPITAL,GENERAL MOTORS,Yasir Harvey,53263838 6946,MARISOL,Ap #517-2345 Nunc Street,$461,553-615-5352,D9C 6U1
03/01/2021 08:29:46,COMBUSTIBLE,MAZDA,David Scott,24533895 2832,ANDRES,Ap #819-3536 Adipiscing St.,"$8,203",555-415-5815,V8S 0O6
